id	name	value	digits	formula	class	sources	check	notes
1	log π/648000	-5.314425133176459480470060008903041443453406776768666637116691445	64	Log10[Pi/648000]	elementary	Bronstein(6)	ok	
2	log π/10800	-3.536273882792815847961293210923433107485088031115862230976398343	64	Log10[Pi/10800]	elementary	Bronstein(6)	ok	
3	log e^(-2π)	-2.728752707683682694971567250862711540420254967447850799801709464	64	Log10[E^(-2*Pi)]	elementary	Bronstein(6)	ok	
4	log π/180	-1.758122632409172215452526412943824771516769285463057824836105242	64	Log10[Pi/180]	elementary	Bronstein(6)	ok	
5	log e^(-π)	-1.364376353841841347485783625431355770210127483723925399900854732	64	Log10[E^(-Pi)]	elementary	Bronstein(6)	ok	
6	log 1/4π	-1.099209864022096244778746077739884927188058087304659528754908422	64	Log10[1/(4*Pi)]	elementary	Bronstein(6)	ok	
7	Neg	-1.000000000000000000000000000000000000000000000000000000000000000	64	-1	rational	Wikipedia(1)	ok	
8	log 1/π^2	-0.9942997453882677087025365765817977473033566487608848922681069998	64	Log10[1/Pi^2]	elementary	Bronstein(5)	ok	
9	log 1/3π	-0.9742711274137962916462961915460141828518071885711383109639191402	64	Log10[1/(3*Pi)]	elementary	Bronstein(5)	ok	
10	log 1/e^2	-0.8685889638065036553022578378332101645887940116073331322289075663	64	Log10[1/E^2]	elementary	Bronstein(5)	ok	
11	log 1/2π	-0.7981798683581150495650071830153919004198682058425509874444809611	64	Log10[1/(2*Pi)]	elementary	Bronstein(5)	ok	
12	log e^(-π/2)	-0.6821881769209206737428918127156778851050637418619626999504273660	64	Log10[E^(-Pi/2)]	elementary	Bronstein(5)	ok	
13	log 1/π	-0.4971498726941338543512682882908988736516783243804424461340534999	64	Log10[1/Pi]	elementary	Bronstein(5)	ok	
14	log 1/e	-0.4342944819032518276511289189166050822943970058036665661144537832	64	Log10[1/E]	elementary	Bronstein(5)	ok	
15	log Sqrt[1/2π]	-0.3990899341790575247825035915076959502099341029212754937222404805	64	Log10[Sqrt[1/(2*Pi)]]	elementary	Bronstein(5)	ok	
16	ln ln two	-0.3665129205816643270124391582326694694542634478371052630536777137	64	Log[Log[2]]	elementary	Boost.Math(111)	ok	
17	log M = log e	-0.3622156886994632108770325013548906091183170679780361658038499103	64	Log10[Log10[E]]	elementary	Bronstein(5)	ok	
18	log π/6	-0.2810013776895097781574985096887094623166404212723619600062396015	64	Log10[Pi/6]	elementary	Bronstein(5)	ok	
19	log Sqrt[1/π]	-0.2485749363470669271756341441454494368258391621902212230670267500	64	Log10[Sqrt[1/Pi]]	elementary	Bronstein(5)	ok	
20	log γ	-0.2386618912168323894602884666412965070317877165145962119589874064	64	Log10[EulerGamma]	special	Bronstein(5)	ok	
21	log Sqrt[1/e]	-0.2171472409516259138255644594583025411471985029018332830572268916	64	Log10[Sqrt[1/E]]	elementary	Bronstein(5)	ok	
22	log Cbrt[3/4π]	-0.2073628697674779358279060581615898726626430743713212213083475940	64	Log10[CubeRoot[3/(4*Pi)]]	elementary	Bronstein(5)	ok	
23	log 2/π	-0.1961198770301526591375293935664058468834884429183339048236260388	64	Log10[2/Pi]	elementary	Bronstein(5)	ok	
24	log Cbrt[1/π]	-0.1657166242313779514504227627636329578838927747934808153780178333	64	Log10[CubeRoot[1/Pi]]	elementary	Bronstein(5)	ok	
25	log Cbrt[1/e]	-0.1447648273010839425503763063055350274314656686012221887048179277	64	Log10[CubeRoot[1/E]]	elementary	Bronstein(5)	ok	
26	log π/4	-0.1049101186338285360762095011580871798847014385437746364868014223	64	Log10[Pi/4]	elementary	Bronstein(5)	ok	
27	log Sqrt[2/π]	-0.09805993851507632956876469678320292344174422145916695241181301940	64	Log10[Sqrt[2/Pi]]	elementary	Bronstein(4)	ok	
28	log 3/π	-0.02002861797447141705624038503578356445154946018974658130418785962	64	Log10[3/Pi]	elementary	Bronstein(4)	ok	
29	Zero	0	64	0	rational	Wikipedia(1)	ok	
30	π/648000	0.000004848136811095359935899141023579479759563533023727015155825531778	64	Pi/648000	elementary	Bronstein(1)	ok	
31	π/10800	0.0002908882086657215961539484614147687855738119814236209093495319067	64	Pi/10800	elementary	Bronstein(3)	ok	
32	Heath-Brown–Moroz constant	0.0013176411548531781	17	Product[(1 - Prime[n]^(-1))^7*(1 + (1 + 7*Prime[n])/Prime[n]^2), {n, 1, Infinity}]	special	Wikipedia(17)	ok	N[Product[(1 - Prime[n]^(-1))^7*(1 + (1 + 7*Prime[n])/Prime[n]^2), {n, 1, Infinity}], 96] has Precision 3.: value from published digits
33	e^(-2π)	0.001867442731707988814430212934827030393422805002475317199381538638	64	E^(-2*Pi)	elementary	Bronstein(4)	ok	
34	degree	0.01745329251994329576923690768488612713442871888541725456097191440	64	Pi/180	elementary	Boost.Math(111); Bronstein(5)	ok	
35	log π/3	0.02002861797447141705624038503578356445154946018974658130418785962	64	Log10[Pi/3]	elementary	Bronstein(4)	ok	
36	e^(-π)	0.04321391826377224977441773717172801127572810981063308298071968740	64	E^(-Pi)	elementary	Bronstein(5)	ok	
37	log ln π	0.05870302123982315038705003650877356266316311845415095363514733875	64	Log10[Log[Pi]]	elementary	Bronstein(4)	ok	
38	1/4π	0.07957747154594766788444188168625718101722982287022822437383367203	64	1/(4*Pi)	elementary	Bronstein(5)	ok	
39	Erdős–Tenenbaum–Ford constant	0.08607133205593420688757309877692267776059110953033317349202023667	64	1 - (1 + Log[Log[2]])/Log[2]	elementary	Wikipedia(19)	ok	
40	log Sqrt[π/2]	0.09805993851507632956876469678320292344174422145916695241181301940	64	Log10[Sqrt[Pi/2]]	elementary	Bronstein(4)	ok	
41	1/π^2	0.1013211836423377714438794632097276389043587746722465488456090319	64	1/Pi^2	elementary	Bronstein(6)	ok	
42	log 4/π	0.1049101186338285360762095011580871798847014385437746364868014223	64	Log10[4/Pi]	elementary	Bronstein(5)	ok	
43	1/3π	0.1061032953945968905125891755816762413563064304936376324984448960	64	1/(3*Pi)	elementary	Bronstein(6)	ok	
44	Liouville's constant	0.1100010000000000000000010000000000000000000000000000000000000000	64	Sum[10^(-n!), {n, 1, Infinity}]	special	Wikipedia(6)	ok	
45	Kepler–Bouwkamp constant	0.1149420448532962007010401574695987428307953372008635168440233965	64	Product[Cos[Pi/n], {n, 3, Infinity}]	special	Wikipedia(19); fast-converging	ok	N-unreliable: Mathematica N[] of this product is wrong after 26.8 digits although it reports Precision 80 (checked 2026-09-29); value from log K = -sum_k (4^k-1) zeta(2k) zeta(2k,3)/k, terms ~ (4/9)^k; numeric arguments keep Mathematica from rewriting HurwitzZeta[2k, 3] into the cancelling zeta(2k) - 1 - 4^-k
46	Champernowne constant	0.1234567891011121314151617181920212223242526272829303132333435364	64	ChampernowneNumber[]	special	Wikipedia(20)	ok	
47	1/e^2	0.1353352832366126918939994949724844034076315459095758814681588727	64	1/E^2	elementary	Bronstein(6)	ok	
48	pi minus three	0.1415926535897932384626433832795028841971693993751058209749445923	64	Pi - 3	elementary	Boost.Math(111)	ok	
49	log Cbrt[e]	0.1447648273010839425503763063055350274314656686012221887048179277	64	Log10[CubeRoot[E]]	elementary	Bronstein(5)	ok	
50	one div two pi	0.1591549430918953357688837633725143620344596457404564487476673441	64	1/(2*Pi)	elementary	Boost.Math(111); Bronstein(6)	ok	
51	log Cbrt[π]	0.1657166242313779514504227627636329578838927747934808153780178333	64	Log10[CubeRoot[Pi]]	elementary	Bronstein(5)	ok	
52	sixth	0.1666666666666666666666666666666666666666666666666666666666666667	64	1/6	rational	Boost.Math(111)	ok	
53	MRB constant	0.18785964246206712024	20	Sum[(-1)^n*(-1 + n^n^(-1)), {n, 1, Infinity}]	special	Wikipedia(20)	ok	N[Sum[(-1)^n*(-1 + n^n^(-1)), {n, 1, Infinity}], 96] has Precision 14.1: value from published digits
54	Second du Bois-Reymond constant	0.1945280494653251136152137302875039065901577852759236620435639113	64	(-7 + E^2)/2	elementary	Wikipedia(20)	ok	
55	log π/2	0.1961198770301526591375293935664058468834884429183339048236260388	64	Log10[Pi/2]	elementary	Bronstein(5)	ok	
56	log Cbrt[4π/3]	0.2073628697674779358279060581615898726626430743713212213083475940	64	Log10[CubeRoot[4*Pi/3]]	elementary	Bronstein(5)	ok	
57	e^(-π/2)	0.2078795763507619085469556198349787700338778416317696080751358831	64	E^(-Pi/2)	elementary	Bronstein(6)	ok	
58	log Sqrt[e]	0.2171472409516259138255644594583025411471985029018332830572268916	64	Log10[Sqrt[E]]	elementary	Bronstein(5)	ok	
59	Copeland–Erdős constant	0.23571113171923293137	20		none	Wikipedia(20)	ok	
60	rayleigh kurtosis excess	0.2450893006876380628486604106197544154170667317892093617713376449	64	-(6*Pi^2 - 24*Pi + 16)/(4 - Pi)^2	elementary	Boost.Math(111)	ok	
61	log Sqrt[π]	0.2485749363470669271756341441454494368258391621902212230670267500	64	Log10[Sqrt[Pi]]	elementary	Bronstein(5)	ok	
62	Meissel-Mertens constant	0.26149721284764278375	20	EulerGamma + Sum[Log[1 - Prime[n]^(-1)] + Prime[n]^(-1), {n, 1, Infinity}]	special	Wikipedia(20)	ok	N[EulerGamma + Sum[Log[1 - Prime[n]^(-1)] + Prime[n]^(-1), {n, 1, Infinity}], 96] has Precision 4.3: value from published digits
63	Bernstein's constant	0.28016949902386913303	20		none	Wikipedia(20)	ok	
64	log 6/π	0.2810013776895097781574985096887094623166404212723619600062396015	64	Log10[6/Pi]	elementary	Bronstein(5)	ok	
65	1/pi	0.3183098861837906715377675267450287240689192914809128974953346881	64	1/Pi	elementary	GSL(29); Boost.Math(113); Bronstein(6)	ok	
66	euler sqr	0.3331779238077186743183761363552442266594171402496297431508333380	64	EulerGamma^2	special	Boost.Math(111)	ok	
67	third	0.3333333333333333333333333333333333333333333333333333333333333333	64	1/3	rational	Boost.Math(111)	ok	
68	Hafner–Sarnak–McCurley constant	0.35323637185499598454	20		none	Wikipedia(20)	ok	
69	log 1/M = ln 10	0.3622156886994632108770325013548906091183170679780361658038499103	64	Log10[Log[10]]	elementary	Bronstein(5)	ok	
70	exp minus one	0.3678794411714423215955237701614608674458111310317678345078368017	64	Exp[-1]	elementary	Boost.Math(111); Bronstein(6)	ok	
71	Artin's constant	0.37395581361920228805	20	Product[1 - 1/((-1 + Prime[n])*Prime[n]), {n, 1, Infinity}]	special	Wikipedia(20)	ok	N[Product[1 - 1/((-1 + Prime[n])*Prime[n]), {n, 1, Infinity}], 96] has Precision 4.5: value from published digits
72	one div root two pi	0.3989422804014326779399460599343818684758586311649346576659258297	64	1/Sqrt[2*Pi]	elementary	Boost.Math(111); Bronstein(6)	ok	
73	log Sqrt[2π]	0.3990899341790575247825035915076959502099341029212754937222404805	64	Log10[Sqrt[2*Pi]]	elementary	Bronstein(5)	ok	
74	Prouhet–Thue–Morse constant	0.41245403364010759778	20		none	Wikipedia(20)	ok	
75	Prime constant	0.41468250985111166024	20	Sum[2^(-Prime[n]), {n, 1, Infinity}]	special	Wikipedia(20)	ok	N[Sum[2^(-Prime[n]), {n, 1, Infinity}], 96] has Precision 29.4: value from published digits
76	Bloch constant lower limit	0.4332127018922193233818615853764680917357013134525951570139517449	64	1/5000 + Sqrt[3]/4	algebraic	Wikipedia(20)	ok	
77	log10(e)	0.4342944819032518276511289189166050822943970058036665661144537832	64	1/Log[10]	elementary	GSL(29); Boost.Math(111); Bronstein(5); Bronstein(6)	ok	
78	Bloch constant upper limit	0.4718616534526817848744687936113161490770126217394432436314602669	64	(Sqrt[(-1 + Sqrt[3])/2]*Gamma[1/3]*Gamma[11/12])/Gamma[1/4]	special	Wikipedia(20)	ok	
79	Weierstrass constant	0.4749493799879206503325046363279829685595493732172029822833310249	64	(2*2^(1/4)*E^(Pi/8)*Sqrt[Pi])/Gamma[1/4]^2	special	Wikipedia(20)	ok	
80	ln phi	0.4812118250596034474977589134243684231351843343856605196610181688	64	Log[GoldenRatio]	elementary	Boost.Math(111)	ok	
81	log π	0.4971498726941338543512682882908988736516783243804424461340534999	64	Log10[Pi]	elementary	Bronstein(5)	ok	
82	Half	0.5000000000000000000000000000000000000000000000000000000000000000	64	1/2	rational	Wikipedia(1); Boost.Math(111)	ok	
83	sixth pi	0.5235987755982988730771072305465838140328615665625176368291574321	64	Pi/6	elementary	Boost.Math(111); Bronstein(6)	ok	
84	cos one	0.5403023058681397174009366074429766037323104206179222276700972554	64	Cos[1]	elementary	Boost.Math(111)	ok	
85	Landau constant upper limit	0.5432589653429767069527282953006132311388632937583569889557325691	64	(Gamma[1/3]*Gamma[5/6])/Gamma[1/6]	special	Wikipedia(20)	ok	
86	one div root pi	0.5641895835477562869480794515607725858440506293289988568440857217	64	1/Sqrt[Pi]	elementary	Boost.Math(111); Bronstein(6)	ok	
87	Omega constant	0.5671432904097838729999686622103555497538157871865125081351310792	64	ProductLog[1]	special	Wikipedia(20)	ok	
88	Stephens' constant	0.57595996889294543964	20	Product[1 - Prime[n]/(-1 + Prime[n]^3), {n, 1, Infinity}]	special	Wikipedia(20)	ok	N[Product[1 - Prime[n]/(-1 + Prime[n]^3), {n, 1, Infinity}], 96] has Precision 4.5: value from published digits
89	Euler gamma	0.5772156649015328606065120900824024310421593359399235988057672349	64	EulerGamma	special	Wikipedia(19); GSL(29); Boost.Math(111); Bronstein(6)	ok	
90	Logarithmic capacity of the unit disk	0.5901702995080481130226689702792442936168583174407236497579321997	64	Gamma[1/4]^2/(4*Pi^(3/2))	special	Wikipedia(20)	ok	
91	Gompertz constant	0.5963473623231940743410784993692793760741778601525487815734849105	64	-(E*ExpIntegralEi[-1])	special	Wikipedia(20)	ok	
92	exp minus half	0.6065306597126334236037995349911804534419181354871869556828921587	64	Exp[-1/2]	elementary	Boost.Math(111); Bronstein(6)	ok	
93	Cbrt[3/4π]	0.6203504908994000166680068120477781673507862001860016200989568899	64	CubeRoot[3/(4*Pi)]	elementary	Bronstein(6)	ok	
94	Golomb–Dickman constant	0.62432998854355087099	20		none	Wikipedia(20)	ok	
95	rayleigh skewness	0.6311106578189371381918993515442277798440422031347194976580945857	64	2*Sqrt[Pi]*(Pi - 3)/(4 - Pi)^(3/2)	elementary	Boost.Math(111)	ok	
96	2/pi	0.6366197723675813430755350534900574481378385829618257949906693762	64	2/Pi	elementary	GSL(29); Boost.Math(111); Bronstein(6)	ok	
97	Cahen's constant	0.64341054628833802618	20		none	Wikipedia(20)	ok	
98	Twin primes constant	0.66016181584686957392	20		none	Wikipedia(20)	ok	
99	Feller–Tornier constant	0.6613170494696223352	19	1/2 + Product[1 - 2/Prime[n]^2, {n, 1, Infinity}]/2	special	Wikipedia(19)	ok	N[1/2 + Product[1 - 2/Prime[n]^2, {n, 1, Infinity}]/2, 96] has Precision 4.8: value from published digits
100	Robbins constant	0.6617071822671762351558311332484135817464001357909536048089442295	64	(4 + 17*Sqrt[2] - 6*Sqrt[3] - 7*Pi)/105 + Log[1 + Sqrt[2]]/5 + (2*Log[2 + Sqrt[3]])/5	elementary	Wikipedia(20)	ok	
101	Laplace limit	0.6627434193491815809747420971092529070562335491150224175203925350	64	Root[{-1 + E^Sqrt[1 + #1^2]*#1 - Sqrt[1 + #1^2] & , 0.6627434193491815809747420971092529070562335491150224175204`30.}]	special	Wikipedia(20); Boost.Math(101)	ok	
102	two thirds	0.6666666666666666666666666666666666666666666666666666666666666667	64	2/3	rational	Boost.Math(111)	ok	
103	Taniguchi constant	0.67823449191739197803	20	Product[1 - Prime[n]^(-6) + Prime[n]^(-5) + 2/Prime[n]^4 - 3/Prime[n]^3, {n, 1, Infinity}]	special	Wikipedia(20)	ok	N[Product[1 - Prime[n]^(-6) + Prime[n]^(-5) + 2/Prime[n]^4 - 3/Prime[n]^3, {n, 1, Infinity}], 96] has Precision 6.: value from published digits
104	log e^(π/2)	0.6821881769209206737428918127156778851050637418619626999504273660	64	Log10[E^(Pi/2)]	elementary	Bronstein(5)	ok	
105	one div cbrt pi	0.6827840632552956814670208331581645981083675156324488040426815831	64	Pi^(-1/3)	elementary	Boost.Math(111); Bronstein(6)	ok	
106	Natural logarithm of 2	0.6931471805599453094172321214581765680755001343602552541206800095	64	Log[2]	elementary	Wikipedia(20); GSL(29); Boost.Math(111)	ok	
107	First continued fraction constant	0.6977746579640079820067905925517525994866582629980212323686300828	64	BesselI[1, 2]/BesselI[0, 2]	special	Wikipedia(20)	ok	
108	sqrt(1/2)	0.7071067811865475244008443621048490392848359376884740365883398690	64	1/Sqrt[2]	algebraic	GSL(29); Boost.Math(111)	ok	
109	Cbrt[1/e]	0.7165313105737892504256040969253796674531120598214791571408702071	64	CubeRoot[1/E]	elementary	Bronstein(6)	ok	
110	Dottie number	0.7390851332151606416553120876738734040134117589007574649656806358	64	Root[{Cos[#1] - #1 & , 0.7390851332151606416553120876738734040134117589007574649656`30.}]	special	Wikipedia(20); Boost.Math(108)	ok	
111	three quarters	0.7500000000000000000000000000000000000000000000000000000000000000	64	3/4	rational	Boost.Math(111)	ok	
112	Landau-Ramanujan constant	0.76422365358920066299	20		none	Wikipedia(20)	ok	
113	pi/4	0.7853981633974483096156608458198757210492923498437764552437361481	64	Pi/4	elementary	GSL(29); Boost.Math(123); Bronstein(6)	ok	
114	root two div pi	0.7978845608028653558798921198687637369517172623298693153318516593	64	Sqrt[2/Pi]	elementary	Boost.Math(111); Bronstein(6)	ok	
115	log 2π	0.7981798683581150495650071830153919004198682058425509874444809611	64	Log10[2*Pi]	elementary	Bronstein(5)	ok	
116	First Nielsen-Ramanujan constant	0.8224670334241132182362075833230125946094749506033992188677791147	64	Pi^2/12	elementary	Wikipedia(20)	ok	
117	Gauss's constant	0.8346268416740731862814297327990468089939930134903470024498273701	64	ArithmeticGeometricMean[1, Sqrt[2]]^(-1)	special	Wikipedia(20); Boost.Math(107)	ok	
118	sin one	0.8414709848078965066525023216302989996225630607983710656727517100	64	Sin[1]	elementary	Boost.Math(111)	ok	
119	Regular paperfolding sequence	0.8507361882018672603677977605320666044113994930827106477281682610	64	Sum[8^2^n/(-1 + 2^2^(2 + n)), {n, 0, Infinity}]	special	Wikipedia(20)	ok	
120	four minus pi	0.8584073464102067615373566167204971158028306006248941790250554077	64	4 - Pi	elementary	Boost.Math(111)	ok	
121	log e^2	0.8685889638065036553022578378332101645887940116073331322289075663	64	Log10[E^2]	elementary	Bronstein(5)	ok	
122	Catalan's constant	0.9159655941772190150546035149323841107741493742816721342664981196	64	Catalan	special	Wikipedia(20); Boost.Math(111)	ok	
123	log root two pi	0.9189385332046727417803297364056176398613974736377834128171515405	64	Log[Sqrt[2*Pi]]	elementary	Boost.Math(111)	ok	
124	3/π	0.9549296585513720146133025802350861722067578744427386924860040644	64	3/Pi	elementary	Bronstein(6)	ok	
125	Magic angle	0.9553166181245092781638571025157577542434146950100054909596981293	64	ArcCos[1/Sqrt[3]]	elementary	Wikipedia(20)	ok	
126	Lochs constant	0.9702701143920339257402560192100108337812847047851612866103505299	64	6*Log[2]*Log[10]/Pi^2	elementary	Wikipedia(20)	ok	
127	log 3π	0.9742711274137962916462961915460141828518071885711383109639191402	64	Log10[3*Pi]	elementary	Bronstein(5)	ok	
128	Asymptotic behavior of Lebesgue constants	0.9894312738311469517416488090188667149242014060911110482841224326	64	(-4*PolyGamma[0, 1/2])/Pi^2 + (8*Sum[Log[k]/(-1 + 4*k^2), {k, 1, Infinity}])/Pi^2	special	Wikipedia(20); fast-converging	ok	N-unreliable: Mathematica N[] of this sum is wrong after 29 digits although it reports Precision 80 (checked 2026-09-29); value from sum_k log(k)/(4k^2-1) = -sum_j 4^-j zeta'(2j), terms ~ 16^-j
129	log π^2	0.9942997453882677087025365765817977473033566487608848922681069998	64	Log10[Pi^2]	elementary	Bronstein(5)	ok	
130	One	1.000000000000000000000000000000000000000000000000000000000000000	64	1	rational	Wikipedia(1)	ok	
131	DeVicci's tesseract constant	1.007434756884279376098253595231099141925690114113669770234963799	64	Root[16 + 16*#1^2 - 7*#1^4 - 28*#1^6 + 4*#1^8 & , 3, 0]	algebraic	Wikipedia(20)	ok	
132	Gieseking constant	1.014941606409653625021202554274520285941689307530299792017489107	64	(3*Sqrt[3]*(1 - PolyGamma[1, 2/3]/9 + PolyGamma[1, 4/3]/9))/4	special	Wikipedia(20)	ok	
133	third pi	1.047197551196597746154214461093167628065723133125035273658314864	64	Pi/3	elementary	Boost.Math(111); Bronstein(7)	ok	
134	Twelfth root of 2	1.059463094359295264561825294946341700779204317494185628559208431	64	2^(1/12)	algebraic	Wikipedia(20)	ok	
135	log 4π	1.099209864022096244778746077739884927188058087304659528754908422	64	Log10[4*Pi]	elementary	Bronstein(6)	ok	
136	2/sqrt(pi)	1.128379167095512573896158903121545171688101258657997713688171443	64	2/Sqrt[Pi]	elementary	GSL(30); Boost.Math(114)	ok	
137	Viswanath constant	1.1319882487943	14		none	Wikipedia(14)	ok	
138	extreme value skewness	1.139547099404648657492793019389846112087599795836551824721655710	64	12*Sqrt[6]*Zeta[3]/Pi^3	special	Boost.Math(111)	ok	
139	ln(pi)	1.144729885849400174143427351353058711647294812915311571513623071	64	Log[Pi]	elementary	GSL(30); Boost.Math(111); Bronstein(7)	ok	
140	Second Hermite constant	1.154700538379251529018297561003914911295203502540253752037204653	64	2/Sqrt[3]	algebraic	Wikipedia(20)	ok	
141	sinh one	1.175201193643801456882381850595600815155717981334095870229565413	64	Sinh[1]	elementary	Boost.Math(111)	ok	
142	Salem constant	1.176280818259917506544070338474035050693415806564695259830106347	64	Root[1 + #1 - #1^3 - #1^4 - #1^5 - #1^6 - #1^7 + #1^9 + #1^10 & , 2, 0]	algebraic	Wikipedia(20)	ok	
143	root ln four	1.177410022515474691011569326459699637747385689385820538522525757	64	Sqrt[Log[4]]	elementary	Boost.Math(111)	ok	
144	Lévy's constant	1.186569110415625452821722975947237120568356536472054335954254299	64	Pi^2/(12*Log[2])	elementary	Wikipedia(20)	ok	
145	Foias constant	1.1874523511265010545	20		none	Wikipedia(20)	ok	
146	Apéry's constant	1.202056903159594285399738161511449990764986292340498881792271555	64	Zeta[3]	special	Wikipedia(20); Boost.Math(111)	ok	
147	Second Favard constant	1.233700550136169827354311374984518891914212425905098828301668672	64	Pi^2/8	elementary	Wikipedia(20)	ok	
148	root half pi	1.253314137315500251207882642405522626503493370304969158314961788	64	Sqrt[Pi/2]	elementary	Boost.Math(111); Bronstein(7)	ok	
149	Cube root of 2	1.259921049894873164767210607278228350570251464701507980081975112	64	2^(1/3)	algebraic	Wikipedia(20)	ok	
150	4/π	1.273239544735162686151070106980114896275677165923651589981338752	64	4/Pi	elementary	Bronstein(7)	ok	
151	Glaisher-Kinkelin constant	1.282427129100622636875342568869791727767688927325001192063740022	64	Glaisher	special	Wikipedia(20); Boost.Math(111)	ok	
152	Conway's constant	1.303577269034296391257099112152551890730702504659404875754861391	64	Root[-6 + 3*#1 - 6*#1^2 + 12*#1^3 - 4*#1^4 + 7*#1^5 - 7*#1^6 + #1^7 + 5*#1^9 - 2*#1^10 - 4*#1^11 - 12*#1^12 + 2*#1^13 + 7*#1^14 + 12*#1^15 - 7*#1^16 - 10*#1^17 - 4*#1^18 + 3*#1^19 + 9*#1^20 - 7*#1^21 - 8*#1^23 + 14*#1^24 - 3*#1^25 + 9*#1^26 + 2*#1^27 - 3*#1^28 - 10*#1^29 - 2*#1^30 - 6*#1^31 + #1^32 + 10*#1^33 - 3*#1^34 + #1^35 + 7*#1^36 - 7*#1^37 + 7*#1^38 - 12*#1^39 - 5*#1^40 + 8*#1^41 + 6*#1^42 + 10*#1^43 - 8*#1^44 - 8*#1^45 - 7*#1^46 - 3*#1^47 + 9*#1^48 + #1^49 + 6*#1^50 + 6*#1^51 - 2*#1^52 - 3*#1^53 - 10*#1^54 - 2*#1^55 + 3*#1^56 + 5*#1^57 + 2*#1^58 - #1^59 - #1^60 - #1^61 - #1^62 - #1^63 + #1^64 + 2*#1^65 + 2*#1^66 - #1^67 - 2*#1^68 - #1^69 + #1^71 & , 3, 0]	algebraic	Wikipedia(20)	ok	erratum: listed digits 1.3035771269... have an extra 1; correct 1.303577269...
153	Mills' constant	1.3063778838630806904	20		none	Wikipedia(20)	ok	
154	Plastic ratio	1.324717957244746025960908854478097340734404056901733364534015050	64	(27/2 - (3*Sqrt[69])/2)^(1/3)/3 + ((9 + Sqrt[69])/2)^(1/3)/3^(2/3)	algebraic	Wikipedia(20); Boost.Math(105)	ok	
155	log e^π	1.364376353841841347485783625431355770210127483723925399900854732	64	Log10[E^Pi]	elementary	Bronstein(6)	ok	
156	Cbrt[e]	1.395612425086089528628125319602586837597906515199406982617516706	64	CubeRoot[E]	elementary	Bronstein(7)	ok	
157	Pythagoras constant	1.414213562373095048801688724209698078569671875376948073176679738	64	Sqrt[2]	algebraic	Wikipedia(20); GSL(30); Boost.Math(111)	ok	
158	Cube root of 3	1.442249570307408382321638310780109588391869253499350577546416195	64	3^(1/3)	algebraic	Wikipedia(20)	ok	
159	log2(e)	1.442695040888963407359924681001892137426645954152985934135449407	64	1/Log[2]	elementary	GSL(30); Boost.Math(114)	ok	
160	Soldner constant	1.451369234883381050283968485892027449493032283648015863093004558	64	Root[{LogIntegral[#1] & , 1.4513692348833810502839684858920274494930322836480158630931`30.}]	special	Wikipedia(20)	ok	
161	Backhouse's constant	1.4560749485826896713	20		none	Wikipedia(20)	ok	
162	cbrt pi	1.464591887561523263020142527263790391738596855627937174357255937	64	Pi^(1/3)	elementary	Boost.Math(111); Bronstein(7)	ok	
163	Supergolden ratio	1.465571231876768026656731225219939108025577568472285701643183111	64	(1 + (29/2 - (3*Sqrt[93])/2)^(1/3) + ((29 + 3*Sqrt[93])/2)^(1/3))/3	algebraic	Wikipedia(20)	ok	
164	Porter's constant	1.467078079433975472897798484707229953449903322414887777399685818	64	-1/2 + (6*Log[2]*(-2 + 4*EulerGamma + 3*Log[2] - (24*Derivative[1][Zeta][2])/Pi^2))/Pi^2	special	Wikipedia(20)	ok	
165	Lieb's square ice constant	1.539600717839002038691063414671886548393604670053671669382939537	64	8/(3*Sqrt[3])	algebraic	Wikipedia(20)	ok	
166	cosh one	1.543080634815243778477905620757061682601529112365863704737402215	64	Cosh[1]	elementary	Boost.Math(111)	ok	
167	pi/2	1.570796326794896619231321691639751442098584699687552910487472296	64	Pi/2	elementary	GSL(30); Boost.Math(111); Bronstein(7)	ok	
168	Erdős–Borwein constant	1.606695152415291763783301523190924580480579671505756435778079554	64	(Log[2] - QPolyGamma[0, 1, 1/2])/Log[2]	special	Wikipedia(20)	ok	
169	Cbrt[4π/3]	1.611991954016469640716966846639284938944614072323861555692292075	64	CubeRoot[4*Pi/3]	elementary	Bronstein(7)	ok	
170	Golden ratio	1.618033988749894848204586834365638117720309179805762862135448623	64	GoldenRatio	algebraic	Wikipedia(20); Boost.Math(111)	ok	
171	pi sqr div six	1.644934066848226436472415166646025189218949901206798437735558229	64	Pi^2/6	elementary	Boost.Math(111)	ok	
172	root e	1.648721270700128146848650787814163571653776100710148011575079312	64	Sqrt[E]	elementary	Boost.Math(111); Bronstein(7)	ok	
173	Somos' quadratic recurrence constant	1.661687949633594121295818922749950749964418635025068208189711168	64	E^(-Derivative[1, 0][PolyLog][0, 1/2])	special	Wikipedia(20)	ok	
174	Niven's constant	1.7052111401053677642	20	1 + Sum[1 - Zeta[n]^(-1), {n, 2, Infinity}]	special	Wikipedia(20)	ok	N[1 + Sum[1 - Zeta[n]^(-1), {n, 2, Infinity}], 96] has Precision 24.6: value from published digits
175	Theodorus constant	1.732050807568877293527446341505872366942805253810380628055806979	64	Sqrt[3]	algebraic	Wikipedia(20); GSL(30); Boost.Math(111)	ok	
176	one div euler	1.732454714600633473583025315860829681155776552266805022048436133	64	1/EulerGamma	special	Boost.Math(111)	ok	
177	log 180/π	1.758122632409172215452526412943824771516769285463057824836105242	64	Log10[180/Pi]	elementary	Bronstein(6)	ok	
178	sqrt(pi)	1.772453850905516027298167483341145182797549456122387128213807790	64	Sqrt[Pi]	elementary	GSL(30); Boost.Math(111); Bronstein(7)	ok	
179	Komornik–Loreti constant	1.7872316501829659330	20		none	Wikipedia(20)	ok	
180	Tribonacci constant	1.839286755214161132551852564653286600424178746097592246778758639	64	(1 + (19 - 3*Sqrt[33])^(1/3) + (19 + 3*Sqrt[33])^(1/3))/3	algebraic	Wikipedia(20)	ok	
181	Connective constant	1.847759065022573512256366378793576573644833251727284972230195463	64	Sqrt[2 + Sqrt[2]]	algebraic	Wikipedia(20)	ok	
182	Brun's constant	1.902160583104	13		none	Wikipedia(13)	ok	
183	6/π	1.909859317102744029226605160470172344413515748885477384972008129	64	6/Pi	elementary	Bronstein(7)	ok	
184	Z score	1.959963984540054235524594430520551527955550077869548398476952646	64	Sqrt[2]*InverseErf[19/20]	special	Wikipedia(20)	ok	
185	Two	2.000000000000000000000000000000000000000000000000000000000000000	64	2	rational	Wikipedia(1)	ok	
186	one div ln phi	2.078086921235027537601322606117795767742192267783283480278139922	64	1/Log[GoldenRatio]	elementary	Boost.Math(111)	ok	
187	two thirds pi	2.094395102393195492308428922186335256131446266250070547316629728	64	2*Pi/3	elementary	Boost.Math(111)	ok	
188	Wallis's constant	2.094551481542326591482386540579302963857306105628239180304128529	64	(135/2 - (3*Sqrt[1929])/2)^(1/3)/3 + ((45 + Sqrt[1929])/2)^(1/3)/3^(2/3)	algebraic	Wikipedia(20)	ok	
189	Sqrt 5	2.236067977499789696409173668731276235440618359611525724270897245	64	Sqrt[5]	algebraic	Wikipedia(20)	ok	
190	Universal parabolic constant	2.295587149392638074034298049189490387597832203638583483929975347	64	Sqrt[2] + ArcSinh[1]	elementary	Wikipedia(20)	ok	erratum: listed digits 2.2955871493392... are garbled; correct 2.2955871493926...
191	ln(10)	2.302585092994045684017991454684364207601101488628772976033327901	64	Log[10]	elementary	GSL(30); Boost.Math(111); Bronstein(7)	ok	
192	three quarters pi	2.356194490192344928846982537459627163147877049531329365731208444	64	3*Pi/4	elementary	Boost.Math(111)	ok	
193	Golden angle	2.399963229728653322231555506633613853124999011058115042935112751	64	(2*Pi)/GoldenRatio^2	elementary	Wikipedia(20)	ok	
194	Silver ratio	2.414213562373095048801688724209698078569671875376948073176679738	64	1 + Sqrt[2]	algebraic	Wikipedia(20)	ok	
195	Feigenbaum alpha	2.5029078750958928222	20		none	Wikipedia(20)	ok	
196	root two pi	2.506628274631000502415765284811045253006986740609938316629923576	64	Sqrt[2*Pi]	elementary	Boost.Math(111); Bronstein(7)	ok	
197	Sierpiński's constant	2.584981759579253217065893587383171160088051651852630917321544988	64	Pi*(2*EulerGamma - Log[Pi] + 4*Log[Gamma[3/4]])	special	Wikipedia(20)	ok	
198	Lemniscate constant	2.622057554292119810464839589891119413682754951431623162816821704	64	Gamma[1/4]^2/(2*Sqrt[2*Pi])	special	Wikipedia(20)	ok	
199	Gelfond-Schneider constant	2.665144142690225188650297249873139848274211313714659492835979593	64	2^Sqrt[2]	elementary	Wikipedia(20)	ok	
200	Khinchin's constant	2.685452001065306445309714835481795693820382293994462953051152346	64	Khinchin	special	Wikipedia(20); Boost.Math(111)	ok	
201	Euler number	2.718281828459045235360287471352662497757247093699959574966967628	64	E	elementary	Wikipedia(20); GSL(30); Boost.Math(111); Bronstein(7)	ok	
202	log e^(2π)	2.728752707683682694971567250862711540420254967447850799801709464	64	Log10[E^(2*Pi)]	elementary	Bronstein(6)	ok	
203	Fransén–Robinson constant	2.807770242028519365221501186557772932308085920930198291220054810	64	Integrate[Gamma[x]^(-1), {x, 0, Infinity}]	special	Wikipedia(20)	ok	
204	Pi	3.141592653589793238462643383279502884197169399375105820974944592	64	Pi	elementary	Wikipedia(20); GSL(30); Boost.Math(111); Bronstein(7)	ok	
205	rayleigh kurtosis	3.245089300687638062848660410619754415417066731789209361771337645	64	(32 - 3*Pi^2)/(4 - Pi)^2	elementary	Boost.Math(111)	ok	
206	Lévy's constant 2	3.275822918721811159787681882453843863608475525982374149405198924	64	E^(Pi^2/(12*Log[2]))	elementary	Wikipedia(20)	ok	
207	Reciprocal Fibonacci constant	3.359885666243177553172011302918927179688905133731968486495553815	64	(Sqrt[5]*(EllipticTheta[2, 0, GoldenRatio^(-2)]^2 + (Log[5] + 2*QPolyGamma[0, 1, GoldenRatio^(-4)] - 4*QPolyGamma[0, 1, GoldenRatio^(-2)])/(2*Log[(1 + Sqrt[5])/2])))/4	special	Wikipedia(20); Boost.Math(105)	ok	
208	log 10800/π	3.536273882792815847961293210923433107485088031115862230976398343	64	Log10[10800/Pi]	elementary	Bronstein(6)	ok	
209	four thirds pi	4.188790204786390984616857844372670512262892532500141094633259456	64	4*Pi/3	elementary	Boost.Math(111)	ok	
210	Van der Pauw constant	4.532360141827193809627682945716666810171861467723795584186016548	64	Pi/Log[2]	elementary	Wikipedia(20)	ok	
211	Feigenbaum delta	4.669201609102990671853203820466201617258185577475768632745651343	64		none	Wikipedia(20); Boost.Math(104)	ok	
212	e^(π/2)	4.810477380965351655473035666703833126390170874664534940020815489	64	E^(Pi/2)	elementary	Bronstein(7)	ok	
213	log 648000/π	5.314425133176459480470060008903041443453406776768666637116691445	64	Log10[648000/Pi]	elementary	Bronstein(6)	ok	
214	Tau	6.283185307179586476925286766559005768394338798750211641949889185	64	2*Pi	elementary	Wikipedia(20); Boost.Math(111); Bronstein(7)	ok	
215	e^2	7.389056098930650227230427460575007813180315570551847324087127823	64	E^2	elementary	Bronstein(7)	ok	
216	3π	9.424777960769379715387930149838508652591508198125317462924833777	64	3*Pi	elementary	Bronstein(7)	ok	
217	pi sqr	9.869604401089358618834490999876151135313699407240790626413349376	64	Pi^2	elementary	Boost.Math(111); Bronstein(7)	ok	
218	4π	12.56637061435917295385057353311801153678867759750042328389977837	64	4*Pi	elementary	Bronstein(8)	ok	
219	Imaginary part of first non-trivial zero of zeta function	14.13472514173469379045725198356247027078425711569924317568556746	64	Im[ZetaZero[1]]	special	Wikipedia(20)	ok	
220	pi pow e	22.45915771836104547342715220454373502758931513399669224920300255	64	Pi^E	elementary	Boost.Math(111)	ok	
221	Gelfond's constant	23.14069263277926900572908636794854738026610624260021199344504641	64	E^Pi	elementary	Wikipedia(20); Boost.Math(111); Bronstein(8)	ok	
222	pi cubed	31.00627668029982017547631506710139520222528856588510769414453810	64	Pi^3	elementary	Boost.Math(111)	ok	
223	radian	57.29577951308232087679815481410517033240547246656432154916024386	64	180/Pi	elementary	Boost.Math(111); Bronstein(8)	ok	
224	Golden angle degrees	137.5077640500378546463487396283702776206886952699253696312384958	64	180*(3 - Sqrt[5])	algebraic	Wikipedia(20)	ok	
225	e^(2π)	535.4916555247647365030493295890471814778057976032949155072052550	64	E^(2*Pi)	elementary	Bronstein(9)	ok	
226	10800/π	3437.746770784939252607889288846310219944328347993859292949614632	64	10800/Pi	elementary	Bronstein(8)	ok	
227	648000/π	206264.8062470963551564733573307786131966597008796315575769768779	64	648000/Pi	elementary	Bronstein(8)	ok	
228	Ramanujan's constant	262537412640768743.9999999999992500725971981856888793538563373370	64	E^(Sqrt[163]*Pi)	elementary	Wikipedia(20)	ok	
