id	K	kind	name	known_formula	found	glue	verified_digits
1	5	leaf	conic constant	-E^2	HypergeometricPFQ[{}, {}, 2]	-1	40
14	10	leaf	Neg	-1	HypergeometricPFQ[{1/2, 1/2}, {2}, 1]	-1/4 Pi^(2/2)	39
31	12	leaf	Airy function constant	-(1/(3^(1/3)*Gamma[1/3]))	MeijerG[{{}, {1/3}}, {{1}, {}}, 2/3]	1/4	39
60	14	leaf	e^-10	E^(-10)	HypergeometricPFQ[{}, {}, -10]	1	40
64	13	leaf	e^-9	E^(-9)	HypergeometricPFQ[{}, {}, -9]	1	39
68	12	leaf	e^-8	E^(-8)	HypergeometricPFQ[{}, {}, -8]	1	42
72	11	leaf	e^-7	E^(-7)	HypergeometricPFQ[{}, {}, -7]	1	40
80	10	leaf	e^-6	E^(-6)	HypergeometricPFQ[{}, {}, -6]	1	39
88	9	leaf	e^-5	E^(-5)	HypergeometricPFQ[{}, {}, -5]	1	40
104	8	leaf	e^-4	E^(-4)	HypergeometricPFQ[{}, {}, -4]	1	39
113	14	leaf	pi^-3	Pi^(-3)	MeijerG[{{}, {1, 1, 1}}, {{1/2}, {1, 1}}, 1/2]	1 Pi^(-1/2)	40
128	7	leaf	e^-3	E^(-3)	HypergeometricPFQ[{}, {}, -3]	1	41
129	14	leaf	Integral_{x=0..Infinity} x*cos(x)/(1+x^2)		MeijerG[{{0}, {}}, {{0, 0}, {1/2}}, 1/4]	-1/2 Pi^(1/2)	40
144	10	leaf	1/4π	1/(4*Pi)	MeijerG[{{}, {1}}, {{0}, {1/2}}, 1]	1/4 Pi^(-1/2)	40
159	10	leaf	pi^-2	Pi^(-2)	HypergeometricPFQ[{1/2, 1/2}, {2}, 1]	1/4 Pi^(-2/2)	39
164	10	leaf	1/3π	1/(3*Pi)	MeijerG[{{}, {1}}, {{0}, {1/2}}, 1]	1/3 Pi^(-1/2)	40
168	11	leaf	1/sqrt(80) = sqrt(5)/20	1/Sqrt[80]	HypergeometricPFQ[{-1/2}, {}, 4/5]	1/4	40
176	14	leaf	50*Pi/1296	50Pi/1296	MeijerG[{{-1}, {}}, {{1/2}, {}}, 4/5]	1/4 Pi^(1/2)	39
181	12	leaf	3*sqrt(3)/(4*Pi^2)	3Sqrt[3]/(4Pi^2)	HypergeometricPFQ[{1/3, 2/3}, {2}, 1]	1/3 Pi^(-2/2)	40
184	6	leaf	e^-2	E^(-2)	HypergeometricPFQ[{}, {}, -2]	1	39
187	12	leaf	pi minus three	Pi - 3	MeijerG[{{0, 0}, {}}, {{1/2, 1}, {}}, 1/2]	1 Pi^(-1/2)	40
191	14	leaf	arctan(1/2)/Pi	ArcTan[1/2]/Pi	HypergeometricPFQ[{1/2, 1}, {3/2}, -1/4]	1/2 Pi^(-2/2)	40
192	10	leaf	(1-C_2)/e, a constant connected with two-sided generalized Fibonacci sequences, where C_2 is the Euler-Gompertz constant		MeijerG[{{}, {2}}, {{0, 1}, {}}, 1]	1	39
196	10	leaf	Pythagorean triple constant for hypotenuses	1/(2*Pi)	HypergeometricPFQ[{-1/2, 1/2}, {1}, 1]	1/4	40
200	10	leaf	sixth	1/6	HypergeometricPFQ[{1, 1}, {3/2}, 1/2]	1/3 Pi^(-2/2)	39
204	9	leaf	log(2)/4	Log[2]/4	HypergeometricPFQ[{1, 1}, {2}, -1]	1/4	42
208	10	leaf	pi^(-3/2)	Pi^(-3/2)	HypergeometricPFQ[{1/2, 1/2}, {2}, 1]	1/4 Pi^(-1/2)	39
211	14	leaf	G/2 - Pi*log(2)/8, where G = A006752	Catalan/2-Pi Log[2]/8	MeijerG[{{}, {1, 1, 1}}, {{0, 0, 1/2}, {}}, 1/2]	1/4 Pi^(1/2)	40
217	9	leaf	1/sqrt(27)	1/Sqrt[27]	HypergeometricPFQ[{-1/2}, {}, 2/3]	1/3	41
220	19	pair	Second du Bois-Reymond constant	(-7 + E^2)/2	(HypergeometricPFQ[{}, {}, 2]) * (MeijerG[{{0}, {0}}, {{1, 1}, {-1}}, 2])	1	40
222	11	leaf	Pi/16		HypergeometricPFQ[{1/2, 1}, {3/2}, -1]	1/4	41
246	9	leaf	1/sqrt(2*Pi*e), one of the Traveling Salesman constants	1/Sqrt[2*Pi*E]	MeijerG[{{}, {}}, {{1/2}, {}}, 1/2]	1 Pi^(-1/2)	41
259	11	leaf	Pi/12		HypergeometricPFQ[{1, 1, 1}, {2, 2}, 1]	1/2 Pi^(-2/2)	40
270	12	leaf	1/Gamma(1/4)	1/Gamma[1/4]	MeijerG[{{}, {1}}, {{0}, {3/4}}, 1]	1	41
271	14	leaf	rho_c = (5-sqrt(5))/10, the asymptotic critical density for the hard hexagon model	(5 - Sqrt[5])/10	MeijerG[{{0}, {1}}, {{0, 1/2}, {}}, 1/4]	1/2 Pi^(-1/2)	40
280	13	leaf	Sum_{k>=0} (k!/(k+2)!)^2	Pi^2/3 - 3	HypergeometricPFQ[{1, 1, 1}, {3, 3}, 1]	1/4	39
281	14	leaf	domino tiling constant	Catalan/Pi	HypergeometricPFQ[{1/2, 1, 1}, {3/2, 3/2}, 1]	1/2 Pi^(-2/2)	39
286	14	leaf	Wadsworth constant	3/10	HypergeometricPFQ[{-5/2, 5/2}, {1}, 1]	3/4 Pi^(2/2)	39
287	14	leaf	Sum_{m,n >= 1} (-1)^(m + n)/(m*n*(m + n))		HypergeometricPFQ[{1, 1, 1, 1}, {2, 2, 2}, 1]	1/4	40
292	10	leaf	3/pi^2	3/Pi^2	HypergeometricPFQ[{1/2, 1/2}, {2}, 1]	3/4 Pi^(-2/2)	39
294	10	leaf	1 - log(2)	1-Log[2]	HypergeometricPFQ[{1, 1}, {3}, 1/2]	1/4	42
306	10	leaf	reciprocal of π	Pi^(-1)	HypergeometricPFQ[{1/2, 1/2}, {2}, 1]	1/4	39
318	10	leaf	third	1/3	HypergeometricPFQ[{1, 1}, {3/2}, 1/2]	2/3 Pi^(-2/2)	39
333	14	leaf	(3*sqrt(6) - 7)*Pi/3	(3Sqrt[6]-7)Pi/3	MeijerG[{{0, 1/2}, {}}, {{0}, {-2}}, 1/2]	1/4 Pi^(1/2)	40
336	5	leaf	reciprocal of e	E^(-1)	HypergeometricPFQ[{}, {}, -1]	1	40
342	11	leaf	1/Gamma(1/3)	1/Gamma[1/3]	MeijerG[{{}, {1}}, {{0}, {2/3}}, 1]	1	40
347	13	leaf	expected distance from a randomly selected point in the unit square to its center: (sqrt(2) + log(1 + sqrt(2)))/6	(Sqrt[2] + Log[1 + Sqrt[2]])/6	HypergeometricPFQ[{-1/2, 1/2}, {3/2}, -1]	1/3	40
352	10	leaf	Pi/8		HypergeometricPFQ[{1, 1}, {3/2}, 1/2]	1/4	39
356	7	leaf	one div root two pi	1/Sqrt[2*Pi]	HypergeometricPFQ[{1/2}, {}, -1]	1 Pi^(-1/2)	40
364	17	pair	"m_2 = (2-1/e)/4, one of Renyi's parking constants, the mean car density in case ""monomer with nearest neighbor exclusion"	(2 - 1/E)/4	(HypergeometricPFQ[{1, 3}, {2, 2}, 1]) / (HypergeometricPFQ[{}, {}, 1])	1/2	40
372	10	leaf	sqrt(2) - 1	Sqrt[2] - 1	HypergeometricPFQ[{1/2, 1}, {2}, -1]	1/2	40
379	14	leaf	logarithmic capacity of the unit equilateral triangle		HypergeometricPFQ[{1/3, 2/3}, {4/3}, 1]	3/4 Pi^(-2/2)	40
382	11	leaf	1 - gamma, where gamma is Euler's constant (or the Euler-Mascheroni constant)	1 - EulerGamma	MeijerG[{{0, 0}, {}}, {{0, 1, 1}, {}}, 1]	1	40
389	13	leaf	2*arccsch(2)/sqrt(5)		HypergeometricPFQ[{1, 1}, {3/2}, -1/4]	1/2	40
390	9	leaf	m = (1-1/e^2)/2, one of Renyi's parking constants	(1 - 1/E^2)/2	HypergeometricPFQ[{1}, {2}, -2]	1	40
400	11	leaf	Ising constant	Log[1 + Sqrt[2]]/2	MeijerG[{{1/2}, {1}}, {{0, 0}, {}}, 1]	1/4 Pi^(-1/2)	39
403	10	leaf	1D Diophantine approximation constant	Sqrt[5]^(-1)	HypergeometricPFQ[{1/2}, {}, -1/4]	1/2	40
405	12	leaf	7*sqrt(3)/27	7Sqrt[3]/27	HypergeometricPFQ[{1/2, 2}, {1}, 1/4]	1/3	39
407	7	leaf	2^(1/2)/pi	2^(1/2)/Pi	HypergeometricPFQ[{1/2}, {}, -1]	2 Pi^(-2/2)	40
413	14	leaf	Machin Gregory series constant	ArcTan[1/2]	HypergeometricPFQ[{1/2, 1}, {3/2}, -1/4]	1/2	40
424	13	leaf	(ln 2)^2	Log[2]^2	MeijerG[{{}, {1, 1, 1}}, {{0, 0, 0}, {}}, 1/2]	2	40
426	14	leaf	logarithm of golden ratio	Log[GoldenRatio]	MeijerG[{{1, 1}, {}}, {{1/2}, {0}}, 1/4]	1/2 Pi^(-1/2)	39
437	10	leaf	Half	1/2	HypergeometricPFQ[{-1/2, 1/2}, {1}, 1]	1/4 Pi^(2/2)	40
440	16	pair	sqrt(2 - sqrt(3)), edge length of a regular dodecagon with circumradius 1		(HypergeometricPFQ[{1/2}, {}, -1]) - (HypergeometricPFQ[{1/2}, {}, 1/3])	-1	39
443	10	leaf	sixth pi	Pi/6	HypergeometricPFQ[{1, 1}, {3/2}, 1/2]	1/3	39
446	10	leaf	Pythagorean triple constant for areas	Gamma[1/4]^2/Sqrt[2*Pi^5]	HypergeometricPFQ[{1/2, 1/2}, {1}, -1]	2 Pi^(-2/2)	41
449	12	leaf	2*(2 - sqrt(3))	2(2-Sqrt[3])	HypergeometricPFQ[{1/2, 1}, {2}, 1/4]	1/2	39
453	10	leaf	cos one	Cos[1]	HypergeometricPFQ[{}, {1/2}, -1/4]	1	40
455	19	pair	Landau constant upper limit	(Gamma[1/3]*Gamma[5/6])/Gamma[1/6]	(HypergeometricPFQ[{2/3}, {}, -1]) / (HypergeometricPFQ[{1/3, 1/2}, {1}, 1])	2	39
456	11	leaf	Pi^2/18	Pi^2/18	HypergeometricPFQ[{1, 1, 1}, {2, 2}, 1]	1/3	40
465	10	leaf	one div root pi	1/Sqrt[Pi]	HypergeometricPFQ[{1/2, 1/2}, {2}, 1]	1/4 Pi^(1/2)	39
475	11	leaf	Euler gamma	EulerGamma	MeijerG[{{}, {1, 1}}, {{0, 0}, {0}}, 1]	-1	40
476	8	leaf	3^(-1/2)	3^(-1/2)	HypergeometricPFQ[{1/2}, {}, 2/3]	1/3	39
477	5	leaf	Pi/(2e)		HypergeometricPFQ[{}, {}, -1]	1/2 Pi^(2/2)	40
483	14	leaf	first Kneser-Mahler polynomial constant	(2*Catalan)/Pi	HypergeometricPFQ[{1/2, 1, 1}, {3/2, 3/2}, 1]	1 Pi^(-2/2)	39
484	10	leaf	Logarithmic capacity of the unit disk	Gamma[1/4]^2/(4*Pi^(3/2))	HypergeometricPFQ[{1/2, 1/2}, {1}, 1/2]	1/2	39
487	9	leaf	Gompertz constant	-(E*ExpIntegralEi[-1])	MeijerG[{{0}, {}}, {{0, 0}, {}}, 1]	1	40
490	12	leaf	second lemniscate constant	Gamma[3/4]^2/Sqrt[2*Pi]	HypergeometricPFQ[{-1/4, 1/2}, {1}, 1]	1/4 Pi^(2/2)	40
491	12	leaf	sqrt(13)/6	Sqrt[13] / 6	HypergeometricPFQ[{1/2}, {}, 4/13]	1/2	39
494	9	leaf	sum_{n>=1} 1/(n binomial(2n, n))	Pi/(3*Sqrt[3])	HypergeometricPFQ[{-1/2}, {}, 2/3]	1/3 Pi^(2/2)	41
496	6	leaf	exp minus half	Exp[-1/2]	HypergeometricPFQ[{}, {}, -1/2]	1	40
497	10	leaf	6/Pi^2	6/Pi^2	HypergeometricPFQ[{1/2, 1/2}, {2}, 1]	3/2 Pi^(-2/2)	39
502	11	leaf	(1/16)*Pi^2	Gamma[3/2]^4	HypergeometricPFQ[{1/2, 1}, {3/2}, -1]	1/4 Pi^(2/2)	41
503	15	pair	-1/(e^2 Ei(-1)), an increasing rooted tree enumeration constant associated with the Euler-Gompertz constant, where Ei is	-1/(E^2*ExpIntegralEi[-1])	(HypergeometricPFQ[{}, {}, -1]) / (MeijerG[{{0}, {}}, {{0, 0}, {}}, 1])	1	40
513	8	leaf	1 - 1/e	1 - 1/E	HypergeometricPFQ[{1}, {2}, -1]	1	40
515	10	leaf	Buffon constant	2/Pi	HypergeometricPFQ[{1/2, 1/2}, {2}, 1]	1/2	39
521	14	leaf	Integral_{x=0..Infinity} sin(x)/(x^2+1) dx		MeijerG[{{1}, {}}, {{1, 1}, {1/2}}, 1/4]	1 Pi^(1/2)	39
522	9	leaf	unit-diameter hexagon area	(3*Sqrt[3])/8	HypergeometricPFQ[{1/2}, {}, -1/3]	3/4	41
532	10	leaf	twothirds	2/3	HypergeometricPFQ[{-1/2, 1/2}, {1}, 1]	1/3 Pi^(2/2)	40
551	9	leaf	Natural logarithm of 2	Log[2]	HypergeometricPFQ[{1, 1}, {2}, -1]	1	42
553	12	pair	First continued fraction constant	BesselI[1, 2]/BesselI[0, 2]	(HypergeometricPFQ[{}, {2}, 1]) / (HypergeometricPFQ[{}, {1}, 1])	1	39
563	7	leaf	sqrt(1/2)	1/Sqrt[2]	HypergeometricPFQ[{1/2}, {}, -1]	1	40
569	7	leaf	e^(-1/3)	E^(-1/3)	HypergeometricPFQ[{}, {}, -1/3]	1	40
577	13	leaf	sum_{n>=1} 1/binomial(2n, n)	1/3 + 2*Sqrt[3]*Pi/27	HypergeometricPFQ[{1, 2}, {3/2}, 1/4]	1/2	39
579	11	leaf	1/Gamma(2/3)	1/Gamma[2/3]	MeijerG[{{}, {1}}, {{0}, {1/3}}, 1]	1	41
581	7	leaf	densest spatial packing of spheres constant	Pi/(3*Sqrt[2])	HypergeometricPFQ[{1/2}, {}, -1]	1/3 Pi^(2/2)	40
582	14	leaf	Rosser constant	(8*Catalan)/Pi^2	HypergeometricPFQ[{1/2, 1/2, 1/2}, {1, 3/2}, 1]	2 Pi^(-2/2)	39
588	10	leaf	three quarters	3/4	HypergeometricPFQ[{1, 1}, {3/2}, 1/2]	3/2 Pi^(-2/2)	39
615	10	leaf	pi/4	Pi/4	HypergeometricPFQ[{1, 1}, {3/2}, 1/2]	1/2	39
620	7	leaf	root two div pi	Sqrt[2/Pi]	HypergeometricPFQ[{1/2}, {}, -1]	2 Pi^(-1/2)	40
630	16	pair	(1 + sqrt(6))/(3*sqrt(2))	(1+Sqrt[6])/(3Sqrt[2])	(HypergeometricPFQ[{1/2}, {}, -1]) + (HypergeometricPFQ[{1/2}, {}, 2/3])	1/3	40
631	12	leaf	1/Gamma(3/4)	1/Gamma[3/4]	MeijerG[{{}, {1}}, {{0}, {1/4}}, 1]	1	40
634	11	leaf	First Nielsen-Ramanujan constant	Pi^2/12	HypergeometricPFQ[{1, 1, 1}, {2, 2}, 1]	1/2	40
638	19	pair	Pi/8 + sqrt(3)/4	Pi/8+Sqrt[3]/4	(HypergeometricPFQ[{1/2}, {}, 2/3]) + (HypergeometricPFQ[{1, 1}, {3/2}, 1/2])	1/4	39
639	8	leaf	asymptotic efficiency constant	(3*Sqrt[3])/(2*Pi)	HypergeometricPFQ[{1/2}, {}, 2/3]	3/2 Pi^(-2/2)	39
642	10	leaf	Gauss's constant	ArithmeticGeometricMean[1, Sqrt[2]]^(-1)	HypergeometricPFQ[{1/2, 1/2}, {1}, -1]	1	41
643	11	leaf	Baker constant	(Log[2] + Pi/Sqrt[3])/3	HypergeometricPFQ[{1, 1}, {4/3}, 1/2]	1/2	40
647	11	leaf	sin one	Sin[1]	HypergeometricPFQ[{}, {3/2}, -1/4]	1	40
651	10	leaf	3/(2*sqrt(Pi))	3/(2*Sqrt[Pi])	HypergeometricPFQ[{-1/2, 1/2}, {1}, 1]	3/4 Pi^(1/2)	40
652	11	leaf	ubiquitous constant	(2*Pi^(3/2))/Gamma[1/4]^2	HypergeometricPFQ[{1/2, 1/2}, {2}, 1/2]	1/4 Pi^(2/2)	39
654	14	leaf	maximal quantum success probability of the CHSH game	Cos[Pi/8]^2	MeijerG[{{0}, {2}}, {{0, 5/2}, {}}, 1]	2 Pi^(-1/2)	40
657	11	leaf	four minus pi	4 - Pi	HypergeometricPFQ[{1, 1}, {5/2}, 1/2]	2/3	39
659	8	leaf	Steiner ratio of the Euclidean plane	Sqrt[3]/2	HypergeometricPFQ[{1/2}, {}, 2/3]	1/2	39
664	12	leaf	integral_{0..infinity} exp(-x^2)*log(x) dx	-(-(1/4)*Sqrt[Pi]*( EulerGamma + 2*Log[2]))	MeijerG[{{}, {1, 1}}, {{0, 0}, {1/2}}, 1]	-1/4 Pi^(2/2)	39
668	13	leaf	(5/18)*Pi	5Pi/18	MeijerG[{{0}, {}}, {{1/2}, {}}, 4/5]	3/2 Pi^(1/2)	39
670	10	leaf	Integral_{x=0..Pi/2} sin(x)^(3/2) dx	1/3*Sqrt[2]*EllipticK[1/2]	HypergeometricPFQ[{1/2, 1/2}, {1}, -1]	1/3 Pi^(2/2)	41
671	17	pair	sqrt(2)/phi, where phi = (1+sqrt(5))/2	Sqrt[2]/GoldenRatio	(HypergeometricPFQ[{1/2}, {}, -1]) - (HypergeometricPFQ[{1/2}, {}, 3/5])	-1	39
677	10	leaf	sqrt(Pi)/2	Sqrt[Pi]/2	HypergeometricPFQ[{1, 1}, {3/2}, 1/2]	1 Pi^(-1/2)	39
680	12	leaf	Gamma(4/3)	Gamma[4/3]	MeijerG[{{2/3}, {1}}, {{0}, {0}}, 1]	1/3	39
683	12	leaf	Gamma(5/3)	Gamma[5/3]	MeijerG[{{1/3}, {1}}, {{0}, {0}}, 1]	2/3	39
685	12	leaf	disk line-picking constant	128/(45*Pi)	HypergeometricPFQ[{-1/2, 1/2}, {3}, 1]	1	40
686	13	leaf	Gamma(5/4)	Gamma[5/4]	MeijerG[{{3/4}, {1}}, {{0}, {0}}, 1]	1/4	40
687	9	leaf	densest planar packing of circles constant	Pi/(2*Sqrt[3])	HypergeometricPFQ[{-1/2}, {}, 2/3]	1/2 Pi^(2/2)	41
689	13	leaf	(sqrt(Pi)/(2^(1/4)*Gamma(5/8)*Gamma(7/8)))^2	(Pi/Sqrt[2])*(1/(Gamma[5/8]*Gamma[7/8]))^2	HypergeometricPFQ[{1/2, 1/2, 1/2}, {1, 1}, -1]	1	40
690	13	leaf	(1 + sqrt(3))/3	(1+Sqrt[3])/3	HypergeometricPFQ[{1/3, 2/3}, {1/2}, 1/2]	2/3	39
691	14	leaf	Catalan's constant	Catalan	HypergeometricPFQ[{1/2, 1, 1}, {3/2, 3/2}, 1]	1/2	39
693	13	leaf	Gamma(7/4)	Gamma[7/4]	MeijerG[{{1/4}, {1}}, {{0}, {0}}, 1]	3/4	39
696	10	leaf	Product_{n>=1} (1 - 1/(4n+1)^2)	Product[1 - 1/(4 n + 1)^2, {n, 1, Infinity}]	HypergeometricPFQ[{1/2, 1/2}, {1}, 1/2]	1/4 Pi^(2/2)	39
697	14	leaf	an Ising constant related to the random coloring problem	Log[2]/2 + 2*Catalan/Pi	MeijerG[{{1, 1}, {1}}, {{1/2}, {0, 0}}, 1/2]	1 Pi^(-1/2)	39
703	10	leaf	3/π	3/Pi	HypergeometricPFQ[{1/2, 1/2}, {2}, 1]	3/4	39
704	13	leaf	Magic angle	ArcCos[1/Sqrt[3]]	MeijerG[{{1/2}, {1}}, {{0, 1/2}, {}}, 1/2]	1/2	40
708	12	leaf	L(3, chi4), where L(s, chi4) is the Dirichlet L-function for the non-principal character modulo 4	Pi^3/32	MeijerG[{{0, 0, 0}, {}}, {{0, 0, 1}, {}}, 1]	1/4 Pi^(2/2)	39
725	10	leaf	One	1	HypergeometricPFQ[{1/2, 1/2}, {2}, 1]	1/4 Pi^(2/2)	39
739	13	leaf	6*arcsec(sqrt(3))/Pi^(3/2), an extreme value constant	6*ArcSec[Sqrt[3]]/Pi^(3/2)	MeijerG[{{}, {1, 1}}, {{0, 1/2}, {}}, 1/3]	3 Pi^(-2/2)	39
745	16	pair	secant of 15 degrees (cosecant of 75 degrees)	Sec[15 Degree]	(HypergeometricPFQ[{1/2}, {}, -1]) - (HypergeometricPFQ[{1/2}, {}, 1/3])	-2	39
747	9	leaf	Landau-Kolmogorov constant C(3,1) for derivatives in the case L_infinity(-infinity, infinity)		HypergeometricPFQ[{2/3}, {}, 2/3]	1/2	40
752	10	leaf	third pi	Pi/3	HypergeometricPFQ[{1, 1}, {3/2}, 1/2]	2/3	39
758	18	pair	Twelfth root of 2	2^(1/12)	(HypergeometricPFQ[{2/3}, {}, -1]) * (HypergeometricPFQ[{1/4}, {}, -1])	2	40
759	7	leaf	(3/4)*sqrt(2)	3 Sqrt[2]/4	HypergeometricPFQ[{1/2}, {}, -1]	3/2	40
760	13	leaf	I, a constant appearing (as I^2) in the asymptotic variance of the area of the convex hull of random points in the unit 	Sqrt[2]*Pi^2/Gamma[1/4]^2	HypergeometricPFQ[{1/4, 1/2}, {3/2}, 1]	1/2 Pi^(1/2)	39
764	14	leaf	Sum_{k >= 0} 1/(4*k+1)^2	Catalan/2 + Pi^2/16	HypergeometricPFQ[{1, 1, 1}, {5/4, 2}, 1]	1/4	40
772	12	leaf	1/Gamma(7/4)	1/Gamma[7/4]	MeijerG[{{}, {1}}, {{0}, {1/4}}, 1]	4/3	40
773	9	leaf	Pi*log(2)/2	Pi*Log[2]/2	HypergeometricPFQ[{1, 1}, {2}, -1]	1/2 Pi^(2/2)	42
777	12	leaf	Gamma(1/4)^4/(16*Pi^2)	Gamma[1/4]^4/(16Pi^2)	HypergeometricPFQ[{1/2, 1/2, 1/2}, {1, 1}, 1]	1/4 Pi^(2/2)	39
778	11	leaf	square root of 6/5		HypergeometricPFQ[{1/2}, {}, 1/6]	1	39
779	17	pair	a 5-dimensional analog of DeVicci's tesseract constant	Sqrt[11-4*Sqrt[6]]	(HypergeometricPFQ[{1/2}, {}, 1/2]) - (HypergeometricPFQ[{1/2}, {}, -1/3])	2	39
781	10	leaf	ln(3)	Log[3]	HypergeometricPFQ[{1, 1}, {2}, 2/3]	2/3	39
786	12	leaf	1/Gamma(5/4)	1/Gamma[5/4]	MeijerG[{{}, {1}}, {{0}, {3/4}}, 1]	4	41
788	19	pair	sqrt(8/Pi)*log(2), a constant related to the asymptotic evaluation of the minimum number of one-dimensional random walks	Sqrt[8/Pi]*Log[2]	(HypergeometricPFQ[{1, 1}, {2}, -1]) / (MeijerG[{{1/2}, {}}, {{0}, {}}, 1])	2	39
790	11	leaf	1/Gamma(5/3)	1/Gamma[5/3]	MeijerG[{{}, {1}}, {{0}, {1/3}}, 1]	3/2	41
791	7	leaf	Pi/(2*sqrt(2))		HypergeometricPFQ[{1/2}, {}, -1]	1/2 Pi^(2/2)	40
792	10	leaf	4*L/(3*Pi), a constant related to the asymptotic evaluation of the number of primes of the form a^2+b^4, where L is Gaus		HypergeometricPFQ[{1/2, 1/2}, {1}, -1]	4/3	41
798	10	leaf	Steinitz constant of the Euclidean plane	Sqrt[5]/2	HypergeometricPFQ[{1/2}, {}, 1/5]	1	39
800	11	leaf	1/Gamma(4/3)	1/Gamma[4/3]	MeijerG[{{}, {1}}, {{0}, {2/3}}, 1]	3	40
803	10	leaf	2/sqrt(pi)	2/Sqrt[Pi]	HypergeometricPFQ[{1/2, 1/2}, {2}, 1]	1/2 Pi^(1/2)	39
813	8	leaf	Second Hermite constant	2/Sqrt[3]	HypergeometricPFQ[{1/2}, {}, 2/3]	2/3	39
821	14	leaf	spanning tree constant of the square lattice	4*Catalan/Pi	HypergeometricPFQ[{1/2, 1, 1}, {3/2, 3/2}, 1]	2 Pi^(-2/2)	39
823	10	leaf	sinh one	Sinh[1]	HypergeometricPFQ[{}, {3/2}, 1/4]	1	39
829	9	leaf	2^(1/4)	2^(1/4)	HypergeometricPFQ[{3/4}, {}, -1]	2	40
831	12	leaf	arithmetic-geometric mean constant	(2*Pi^(3/2)*Sqrt[2])/Gamma[1/4]^2	HypergeometricPFQ[{1/2, 3/4}, {2}, 1]	1/4 Pi^(2/2)	39
835	14	leaf	Apéry's constant	Zeta[3]	HypergeometricPFQ[{1, 1, 1, 1}, {2, 2, 2}, 1]	1	40
838	6	leaf	2/sqrt(e), a constant appearing in the expression of the asymptotic expected volume V(d) of the convex hull of randomly 	2/Sqrt[E]	HypergeometricPFQ[{}, {}, -1/2]	2	40
839	10	leaf	12/Pi^2	12/Pi^2	HypergeometricPFQ[{1/2, 1/2}, {2}, 1]	3 Pi^(-2/2)	39
842	13	leaf	Gamma(3/4)	Gamma[3/4]	MeijerG[{{1/4}, {1}}, {{0}, {0}}, 1]	1	39
845	10	leaf	Second Favard constant	Pi^2/8	HypergeometricPFQ[{1, 1}, {3/2}, 1/2]	1/4 Pi^(2/2)	39
849	7	leaf	root half pi	Sqrt[Pi/2]	HypergeometricPFQ[{1/2}, {}, -1]	1 Pi^(1/2)	40
851	8	leaf	Cube root of 2	2^(1/3)	HypergeometricPFQ[{2/3}, {}, -1]	2	40
858	10	leaf	Ramanujan-Forsyth series constant	4/Pi	HypergeometricPFQ[{1/2, 1/2}, {2}, 1]	1	39
873	10	leaf	first lemniscate constant	Gamma[1/4]^2/(4*Sqrt[2*Pi])	HypergeometricPFQ[{1/2, 1/2}, {1}, -1]	1/2 Pi^(2/2)	41
875	10	leaf	3^(1/4)	3^(1/4)	HypergeometricPFQ[{1/4}, {}, 2/3]	1	40
891	12	leaf	Gamma(2/3)	Gamma[2/3]	MeijerG[{{1/3}, {1}}, {{0}, {0}}, 1]	1	39
893	4	leaf	Pippenger product constant	E/2	HypergeometricPFQ[{}, {}, 1]	1/2	40
901	9	leaf	ln(4)	Log[4]	HypergeometricPFQ[{1, 1}, {2}, -1]	2	42
903	12	leaf	Gamma(1/4)^4/(4*Pi^3)	Gamma[1/4]^4/(4*Pi^3)	HypergeometricPFQ[{1/2, 1/2, 1/2}, {1, 1}, 1]	1	39
905	6	leaf	e^(1/3)	E^(1/3)	HypergeometricPFQ[{}, {}, 1/3]	1	40
908	12	leaf	L = Integral_{t=0..1} 1/(1-2t^2/3) dt, an auxiliary constant associated with one of the integral inequalities studied by	Sqrt[3/2]*ArcTanh[Sqrt[2/3]]	HypergeometricPFQ[{1/2, 1}, {3/2}, 2/3]	1	40
910	9	leaf	1 + 1/(1*3) + 1/(1*3*5) + 1/(1*3*5*7) + 	Sqrt[E*Pi/2] * Erf[1/Sqrt[2]]	HypergeometricPFQ[{1}, {3/2}, 1/2]	1	39
911	7	leaf	Pythagoras constant	Sqrt[2]	HypergeometricPFQ[{1/2}, {}, -1]	2	40
918	9	leaf	Cube root of 3	3^(1/3)	HypergeometricPFQ[{1/3}, {}, 2/3]	1	40
928	11	leaf	Baxter's four-coloring constant	3 Gamma[1/3]^3/(4 Pi^2)	HypergeometricPFQ[{1/3, 1/3}, {1}, 1]	1	40
937	14	leaf	Landau-Kolmogorov constant C(4,3) for derivatives in the case L_infinity(infinity, infinity)		HypergeometricPFQ[{-1/4}, {}, 7/10]	2	40
950	11	leaf	equianharmonic Weierstrass elliptic ω_2 constant	Gamma[1/3]^3/(4*Pi)	HypergeometricPFQ[{1/3, 1/3}, {1}, 1]	1/3 Pi^(2/2)	40
953	9	leaf	Lieb's square ice constant	8/(3*Sqrt[3])	HypergeometricPFQ[{1/2}, {}, 1/4]	4/3	39
955	9	leaf	cosh one	Cosh[1]	HypergeometricPFQ[{}, {1/2}, 1/4]	1	39
965	10	leaf	Favard constant	Pi/2	HypergeometricPFQ[{1, 1}, {3/2}, 1/2]	1	39
969	13	leaf	ln(5)	Log[5]	MeijerG[{{0}, {1}}, {{0, 0}, {}}, 1/4]	1	39
981	10	leaf	Riemann ζ of 2	Pi^2/6	HypergeometricPFQ[{1, 1}, {3/2}, 1/2]	1/3 Pi^(2/2)	39
983	5	leaf	square root of e	Sqrt[E]	HypergeometricPFQ[{}, {}, 1/2]	1	39
986	12	leaf	Hermite's constant gamma_6 = 2/3^(1/6)	2/3^(1/6)	HypergeometricPFQ[{5/6}, {}, 2/3]	2/3	40
997	8	leaf	Theodorus constant	Sqrt[3]	HypergeometricPFQ[{1/2}, {}, 2/3]	1	39
1000	19	pair	sqrt(2*Pi)*log(2), a constant associated with asymptotic evaluation of random mapping statistics	Sqrt[2*Pi]*Log[2]	(HypergeometricPFQ[{1, 1}, {2}, -1]) * (MeijerG[{{1/2}, {}}, {{0}, {}}, 1])	2	39
1014	10	leaf	Carlson-Levin constant	Sqrt[Pi]	HypergeometricPFQ[{1, 1}, {3/2}, 1/2]	2 Pi^(-1/2)	39
1016	12	leaf	10^(1/4)	10^(1/4)	HypergeometricPFQ[{1/4}, {}, -3/5]	2	41
1024	14	leaf	ln(6)	Log[6]	MeijerG[{{0}, {1}}, {{0, 0}, {}}, 1/5]	1	41
1026	12	leaf	Hermite's constant gamma_7 = 2^(6/7)	2^(6/7)	HypergeometricPFQ[{1/7}, {}, -1]	2	40
1031	14	leaf	two times the Catalan constant	2 Catalan	HypergeometricPFQ[{1/2, 1, 1}, {3/2, 3/2}, 1]	1	39
1039	10	leaf	Gauss lemniscate constant	Gamma[1/4]^2/(4*Sqrt[Pi])	HypergeometricPFQ[{1/2, 1/2}, {1}, 1/2]	1/2 Pi^(2/2)	39
1047	10	leaf	6/π	6/Pi	HypergeometricPFQ[{1/2, 1/2}, {2}, 1]	3/2	39
1048	13	leaf	tetrahedral bond angle	ArcCos[-1/3]	MeijerG[{{1/2}, {1}}, {{0, 1/2}, {}}, 1/2]	1	40
1069	10	leaf	Two	2	HypergeometricPFQ[{1/2, 1/2}, {2}, 1]	1/2 Pi^(2/2)	39
1081	9	leaf	ln(8)	Log[8]	HypergeometricPFQ[{1, 1}, {2}, -1]	3	42
1082	10	leaf	two thirds pi	2*Pi/3	HypergeometricPFQ[{1, 1}, {3/2}, 1/2]	4/3	39
1090	11	leaf	10^(1/3)	10^(1/3)	HypergeometricPFQ[{1/3}, {}, 1/5]	2	39
1098	10	leaf	ln(9)	Log[9]	HypergeometricPFQ[{1, 1}, {2}, 2/3]	4/3	39
1101	13	leaf	Pi/2 + 2/Pi	Pi/2 + 2/Pi	MeijerG[{{0, 0, 0}, {}}, {{0, 0, 2}, {}}, 1]	4 Pi^(-2/2)	39
1102	7	leaf	pi(2)^(-1/2)	Pi*2^(-1/2)	HypergeometricPFQ[{1/2}, {}, -1]	1 Pi^(2/2)	40
1105	10	leaf	Sqrt 5	Sqrt[5]	HypergeometricPFQ[{1/2}, {}, 1/5]	2	39
1113	13	leaf	Universal parabolic constant	Sqrt[2] + ArcSinh[1]	HypergeometricPFQ[{-1/2, 1/2}, {3/2}, -1]	2	40
1121	10	leaf	three quarters pi	3*Pi/4	HypergeometricPFQ[{1, 1}, {3/2}, 1/2]	3/2	39
1129	14	leaf	Golden angle	(2*Pi)/GoldenRatio^2	HypergeometricPFQ[{1/2, 1}, {2}, 4/9]	2/3 Pi^(2/2)	40
1130	14	leaf	2*zeta(3)	2*Zeta[3]	HypergeometricPFQ[{1, 1, 1, 1}, {2, 2, 2}, 1]	2	40
1133	14	leaf	Silver ratio	1 + Sqrt[2]	MeijerG[{{1}, {-1/2}}, {{2}, {0}}, 1/2]	-2 Pi^(1/2)	40
1141	7	leaf	root two pi	Sqrt[2*Pi]	HypergeometricPFQ[{1/2}, {}, -1]	2 Pi^(1/2)	40
1152	8	leaf	twenty-vertex entropy constant	(3*Sqrt[3])/2	HypergeometricPFQ[{1/2}, {}, 2/3]	3/2	39
1154	10	leaf	Lemniscate constant	Gamma[1/4]^2/(2*Sqrt[2*Pi])	HypergeometricPFQ[{1/2, 1/2}, {1}, -1]	1 Pi^(2/2)	41
1157	16	pair	sqrt(2) + sqrt(3/2)	Sqrt[2] + Sqrt[3/2]	(HypergeometricPFQ[{1/2}, {}, 1/2]) + (HypergeometricPFQ[{1/2}, {}, 1/3])	1	39
1158	10	leaf	sqrt(7)	Sqrt[7]	HypergeometricPFQ[{1/2}, {}, 3/7]	2	40
1160	12	leaf	Gamma(1/3)	Gamma[1/3]	MeijerG[{{2/3}, {1}}, {{0}, {0}}, 1]	1	39
1164	4	leaf	Euler number	E	HypergeometricPFQ[{}, {}, 1]	1	40
1165	8	leaf	pi sqrt(3)/2	Pi*Sqrt[3]/2	HypergeometricPFQ[{1/2}, {}, 2/3]	1/2 Pi^(2/2)	39
1170	12	leaf	C_{1/2}, a constant related to Kolmogorov's inequalities	Gamma[1/4]^2/(Pi*Gamma[3/4]^2)	HypergeometricPFQ[{1/2, 1/2, 1/2}, {1, 1}, 1]	2	39
1171	16	pair	(1/sqrt(Pi) + e*erfc(-1))/2	(1/Sqrt[Pi]+E Erfc[-1])/2	(HypergeometricPFQ[{}, {}, 1]) + (MeijerG[{{0}, {}}, {{0}, {1/2}}, -1])	1/2	40
1187	9	leaf	Landau-Kolmogorov constant C(3,1) for derivatives in the case L_infinity(0, infinity)	(243/8)^(1/3)	HypergeometricPFQ[{2/3}, {}, 2/3]	3/2	40
1188	14	leaf	sqrt(480)/7	Sqrt[480]/7	HypergeometricPFQ[{1/2}, {}, -19/30]	4	41
1191	10	leaf	Pi	Pi	HypergeometricPFQ[{1, 1}, {3/2}, 1/2]	2	39
1193	9	leaf	10^(1/2)	10^(1/2)	HypergeometricPFQ[{1/2}, {}, 3/5]	2	39
1204	11	leaf	sqrt(11)	Sqrt[11]	HypergeometricPFQ[{1/2}, {}, 7/11]	2	39
1216	8	leaf	square root of 12	Sqrt[12]	HypergeometricPFQ[{1/2}, {}, 2/3]	2	39
1222	12	leaf	sqrt(13)	Sqrt[13]	HypergeometricPFQ[{1/2}, {}, 4/13]	3	39
1225	14	leaf	2 + phi, with the golden section phi from A001622	2 + GoldenRatio	HypergeometricPFQ[{1/2, 1}, {3}, 4/5]	3	39
1226	13	leaf	Gamma(1/4)	Gamma[1/4]	MeijerG[{{3/4}, {1}}, {{0}, {0}}, 1]	1	40
1241	13	leaf	sqrt(17)	Sqrt[17]	HypergeometricPFQ[{1/2}, {}, 13/17]	2	39
1242	15	pair	sqrt(2*Pi*e)	Sqrt[2Pi E]	(HypergeometricPFQ[{}, {}, 1/2]) * (MeijerG[{{1/2}, {}}, {{0}, {}}, 1])	2	39
1244	11	leaf	four thirds pi	4*Pi/3	MeijerG[{{1/2}, {1}}, {{0}, {0}}, 1]	4/3 Pi^(1/2)	39
1246	13	leaf	(4*sqrt(2)*Pi^2)/gamma(1/4)^2	(4*Sqrt[2]*Pi^2)/Gamma[1/4]^2	HypergeometricPFQ[{1/4, 1/2}, {3/2}, 1]	2 Pi^(1/2)	39
1248	4	leaf	Pi*e/2	(Pi*E)/2	HypergeometricPFQ[{}, {}, 1]	1/2 Pi^(2/2)	40
1253	13	leaf	sqrt(19)	Sqrt[19]	HypergeometricPFQ[{1/2}, {}, 15/19]	2	39
1255	12	leaf	Hayman constant	Gamma[1/4]^4/(4*Pi^2)	HypergeometricPFQ[{1/2, 1/2, 1/2}, {1, 1}, 1]	1 Pi^(2/2)	39
1257	7	leaf	pi(2)^(1/2)	Pi*2^(1/2)	HypergeometricPFQ[{1/2}, {}, -1]	2 Pi^(2/2)	40
1264	11	leaf	100^(1/3)	100^(1/3)	HypergeometricPFQ[{2/3}, {}, 1/5]	4	39
1267	10	leaf	3pi/2	3*Pi/2	HypergeometricPFQ[{1, 1}, {3/2}, 1/2]	3	39
1269	13	leaf	sqrt(23)	Sqrt[23]	HypergeometricPFQ[{1/2}, {}, 7/23]	4	39
1281	14	leaf	sqrt(29)	Sqrt[29]	HypergeometricPFQ[{1/2}, {}, 13/29]	4	39
1283	14	leaf	sqrt(31)	Sqrt[31]	HypergeometricPFQ[{1/2}, {}, 22/31]	3	40
1284	10	leaf	pi^(3/2)	Pi^(3/2)	HypergeometricPFQ[{1, 1}, {3/2}, 1/2]	2 Pi^(1/2)	39
1285	19	pair	1000^(1/4)	1000^(1/4)	(HypergeometricPFQ[{1/2}, {}, -1]) * (HypergeometricPFQ[{3/4}, {}, 3/5])	4	39
1291	10	leaf	Tau	2*Pi	HypergeometricPFQ[{1, 1}, {3/2}, 1/2]	4	39
1293	14	leaf	sqrt(41)	Sqrt[41]	HypergeometricPFQ[{1/2}, {}, 25/41]	4	40
1296	12	leaf	(real) period of the elliptic function sn(x,1/2)	8*EllipticK[-1/3]/Sqrt[3]	HypergeometricPFQ[{1/2, 1/2}, {1}, 1/4]	2 Pi^(2/2)	39
1304	5	leaf	e^2	E^2	HypergeometricPFQ[{}, {}, 2]	1	40
1317	11	leaf	3pi	3*Pi	MeijerG[{{1/2}, {1}}, {{0}, {0}}, 1]	3 Pi^(1/2)	39
1322	10	leaf	π^2	Pi^2	HypergeometricPFQ[{1, 1}, {3/2}, 1/2]	2 Pi^(2/2)	39
1328	11	leaf	4pi	4*Pi	MeijerG[{{1/2}, {1}}, {{0}, {0}}, 1]	4 Pi^(1/2)	39
1333	14	leaf	5pi	5*Pi	MeijerG[{{3/2}, {2}}, {{0}, {-1}}, 1]	-2 Pi^(1/2)	40
1337	12	leaf	6pi	6*Pi	MeijerG[{{3/2}, {1}}, {{0}, {0}}, 1]	-3 Pi^(1/2)	40
1340	6	leaf	e^3	E^3	HypergeometricPFQ[{}, {}, 3]	1	39
1347	12	leaf	8pi	8*Pi	MeijerG[{{3/2}, {1}}, {{0}, {0}}, 1]	-4 Pi^(1/2)	40
1348	13	leaf	9pi	9*Pi	MeijerG[{{3/2}, {2}}, {{0}, {0}}, 1]	-3 Pi^(1/2)	40
1349	12	leaf	pi cubed	Pi^3	HypergeometricPFQ[{1, 1, 1}, {3/2, 2}, 1]	4 Pi^(2/2)	39
1351	7	leaf	e^4	E^4	HypergeometricPFQ[{}, {}, 4]	1	40
1352	14	leaf	radian	180/Pi	MeijerG[{{}, {-2, 0}}, {{1/2, 1}, {}}, 1/2]	3 Pi^(-1/2)	40
1356	8	leaf	e^5	E^5	HypergeometricPFQ[{}, {}, 5]	1	40
1358	9	leaf	e^6	E^6	HypergeometricPFQ[{}, {}, 6]	1	42
1362	10	leaf	e^7	E^7	HypergeometricPFQ[{}, {}, 7]	1	39
1363	11	leaf	e^8	E^8	HypergeometricPFQ[{}, {}, 8]	1	40
1366	12	leaf	e^9	E^9	HypergeometricPFQ[{}, {}, 9]	1	40
1370	13	leaf	e^10	E^10	HypergeometricPFQ[{}, {}, 10]	1	39
