2	NONE						33.63
8	SYMBOLIC	-1 + log10[Pi/18]	-1.7581226324091722154525264129438247715167692854630578248361052418126193827521941	15.9546	5.55527	10.3993	0.50
14	RATIONAL	-1	-1.	15.9546	0.45	15.5046	11.63
20	SYMBOLIC	-E^(-ProductLog[ArcCoth[3]])	-0.76666469596212309311120442251031484800667534666983205846088437693555279572487242	15.9546	6.62712	9.32747	0.57
26	SYMBOLIC	-1/2*log10[2*Pi]	-0.39908993417905752478250359150769595020993410292127549372224048052602765068198859	15.9546	4.70206	11.2525	0.61
33	SYMBOLIC	log10[EulerGamma]	-0.2386618912168323894602884666412965070317877165145962119589874064264408077231995	15.9546	3.	12.9546	0.66
39	SYMBOLIC	LogGamma[4/3]	-0.11319164174034262220807119994456431291193406143686359749993732354809017430484852	15.9546	3.17918	12.7754	0.71
45	SYMBOLIC	1 + EulerGamma^2 - Pi^2/8 + 2*StieltjesGamma[1]	-0.046154317295804602757107990379077303530267962324144990348848453508042676249666955	15.9546	9.70412	6.25047	29.25
51	NONE						34.61
57	SYMBOLIC	Pi/648000	4.8481368110953599358991410235794797595635330237270151558255317782528030961206929e-6	15.9546	7.16158	8.79301	22.92
63	NONE						22.06
69	SYMBOLIC	-Derivative[1][Zeta][-5]	0.00057298598019863520499099414883387451325398729119952121782079188099773503135083126	15.9546	3.89897	12.0556	0.76
75	SYMBOLIC	A118228	0.00131764115485317810981735232251358595125073432329525167879254742	15.9546	5.	10.9546	2.37
82	SYMBOLIC	Pi^(-5)	0.0032677636430533854726282496226525095450824642583163680975234528581836454328830616	15.9546	2.44897	13.5056	11.07
88	SYMBOLIC	E^(-5)	0.0067379469990854670966360484231484242488495850273550854303055315726835225156040623	15.9546	1.94897	14.0056	22.72
94	SYMBOLIC	-StieltjesGamma[2]	0.0096903631928723184845303860352125293590658061013407498807013654518507553822804142	15.9546	3.25103	12.7036	0.76
100	SYMBOLIC	3 - (E*(-3 + E^2))/4	0.017327140547366991288083189869067399070958360636432145130492163368346003242167263	15.9546	6.33233	9.62226	0.87
106	SYMBOLIC	1 - ShapiroCyclicSumMu	0.02198752181335377979817204002131731906746136465408581905046957916540055074192893	15.9546	3.65	12.3046	2.69
112	NONE						29.76
118	NONE						29.71
124	NONE						29.86
130	SYMBOLIC	(12*Pi)/715	0.052726030549758767638533874964131516937574871038463314477901167982788527098509801	15.9546	5.28349	10.6711	0.98
136	NONE						30.06
142	NONE						30.09
148	SYMBOLIC	1 - Catalan	0.084034405822780984945396485067615889225850625718327865733501880378236980223745231	15.9546	2.65	13.3046	0.86
154	SYMBOLIC	E^(-1/6*Pi^2/Log[2])	0.093187822953575873362328059953524966839094874082247850674816472072027620236787131	15.9546	7.17918	8.77541	30.26
160	NONE						30.33
166	SYMBOLIC	Trott	0.1084101512231113615112908114064150911221580909390909	15.9546	2.	13.9546	2.96
172	SYMBOLIC	A272531	0.11873093495764084301766688411553386231257866699625488783959608787893393126659029	15.9546	5.	10.9546	3.05
178	SYMBOLIC	ChampernowneBase10	0.12345678910111213141516171819202122232425262728293031323334353637383940414243445	15.9546	2.	13.9546	2.90
184	SYMBOLIC	E^(-2)	0.13533528323661269189399949497248440340763154590957588146815887265407337410148769	15.9546	1.55103	14.4036	5.21
190	NONE						30.34
196	SYMBOLIC	1/(2*Pi)	0.15915494309189533576888376337251436203445964574045644874766734405889679763422654	15.9546	2.40103	13.5536	7.73
202	SYMBOLIC	-Catalan + (Pi*Log[2])/2	0.17282745097458205019574093418642286289514247590297101289639950697539125481211622	15.9546	6.40206	9.55253	3.90
208	SYMBOLIC	Pi^(-3/2)	0.17958712212516656168908198362769275528218594343482672462133203717345922557277958	15.9546	2.87815	13.0764	3.42
214	NONE						30.55
220	SYMBOLIC	(-7 + E^2)/2	0.19452804946532511361521373028750390659015778527592366204356391126128689803952888	15.9546	4.04716	11.9074	1.53
226	NONE						30.27
232	NONE						30.49
238	SYMBOLIC	(-1 - Log[2]/3 + 12*Log[Glaisher])/8	0.21925058302734533926182815197008027380957539823779203991142179247381481525112848	15.9546	10.6604	5.29417	30.46
244	SYMBOLIC	-1/32*((-3 + EulerGamma)*Pi)	0.23785629588680550674296236308023339479637012552352239544652142808518562466339328	15.9546	5.83227	10.1223	1.04
251	SYMBOLIC	log10[Sqrt[Pi]]	0.24857493634706692717563414414544943682583916219022122306702674996247355604477634	15.9546	3.25	12.7046	1.52
257	NONE						30.90
263	SYMBOLIC	(4*Pi*ArcCot[11*Sqrt[2]])/3	0.26889566016931122546929486722724566452499443719303137292107648025763926090099265	15.9546	7.0216	8.93299	31.55
271	SYMBOLIC	Haversine[ArcTan[2]]	0.27639320225002103035908263312687237645593816403884742757291027545894790743621951	15.9546	3.80103	12.1536	4.89
277	NONE						30.91
283	SYMBOLIC	Pi^3/105	0.29529787314571257309977442921048947811643131967509626375375750575053709445205434	15.9546	4.84831	11.1063	1.29
289	SYMBOLIC	LogGamma[2/3]	0.30315027514752356867586281737201103566349317197830624553219890405738012633145586	15.9546	2.87815	13.0764	1.17
295	SYMBOLIC	A065419	0.30749487875832709312335448607107685302217851995066392829830839626088876729669299	15.9546	5.	10.9546	3.07
301	NONE						30.76
307	SYMBOLIC	Sqrt[InverseJacobiDS[1, 3]/(2*Pi)]	0.31875906098038662481197217247621254322535077469968228290214181581887884703839977	15.9546	6.82815	9.12644	1.04
313	NONE						30.30
319	SYMBOLIC	A086239	0.33498132529999318106331712148754357377997538075507704810802057884522284327188411	15.9546	5.	10.9546	2.85
325	SYMBOLIC	A065463/2	0.35222110049958279636830167516331860509429321570854902470711342129554852834100339	15.9546	6.15103	9.80356	2.93
332	SYMBOLIC	(2 + 3*ArcCoth[2])/10	0.36479184330021645370928678553837885569712358367341241776020415004562414398279135	15.9546	5.42918	10.5254	1.03
338	NONE						30.75
344	SYMBOLIC	A005596	0.37395581361920228805472805434641641511162924860615004209474280241735018204002808	15.9546	5.	10.9546	2.97
350	NONE						31.20
356	SYMBOLIC	1/Sqrt[2*Pi]	0.39894228040143267793994605993438186847585863116493465766592582967065792589930184	15.9546	3.20206	12.7525	5.12
362	NONE						31.03
368	SYMBOLIC	A269843	0.40987488508823647447878121233795527789635801325494546982633639882264823617396597	15.9546	5.	10.9546	2.84
374	SYMBOLIC	1/2 - A119524/2	0.41468250985111166024810962215430770836577423813791697786824541448864096061935733	15.9546	7.55206	8.40253	30.72
380	SYMBOLIC	ArcTanh[Root[-1 + #1 + #1^2 + 7*#1^3 & , 1, 0]]	0.42179936148444276976807614610181744968803483861609969401359550147705767959318134	15.9546	7.07531	8.87928	33.29
386	NONE						30.73
392	SYMBOLIC	log10[E]	0.43429448190325182765112891891660508229439700580366656611445378316586464920887077	15.9546	2.625	13.3296	2.42
399	SYMBOLIC	OttersBetaRooted	0.43992401257102530404090339143454476479808540794011985765349354502263540042047646	15.9546	2.	13.9546	2.97
406	NONE						31.52
412	SYMBOLIC	A052110	0.46192144016441144540858864261419457863502828013648822844341629273589172502141502	15.9546	5.	10.9546	3.20
418	NONE						30.35
424	SYMBOLIC	Log[2]^2	0.48045301391820142466710252632666497173055295159454558686686413362366538225983447	15.9546	2.55103	13.4036	2.83
430	SYMBOLIC	A337606	0.48762277811157176861164639145238842313167712442973576377018158297236569034540092	15.9546	5.	10.9546	2.80
436	SYMBOLIC	log10[Pi]	0.49714987269413385435126828829089887365167832438044244613405349992494711208955267	15.9546	2.5	13.4546	1.32
442	SYMBOLIC	((2 + Sqrt[2])/5 + ArcCsch[1])/3	0.52140543316472067833098235660724397491403156777900834179621051875050789330481583	15.9546	6.92815	9.02644	17.13
448	SYMBOLIC	A271780	0.53510701261663873328395865186063215985863933910280134926652728848898243882100269	15.9546	5.	10.9546	2.75
454	SYMBOLIC	DawsonFInfimumOrSupremumOrdinate[1]	0.54104422463518169847275933024147718639060467682682588745635421690842055879814698	15.9546	2.2	13.7546	0.85
460	NONE						31.04
466	SYMBOLIC	ProductLog[1]	0.56714329040978387299996866221035554975381578718651250813513107922304579308668457	15.9546	1.95	14.0046	2.48
472	NONE						30.76
478	SYMBOLIC	2/(7*(-4 + Csc[Pi/14]))	0.57841676278890075907460205814619567479948396943664550154831767494179602082412207	15.9546	7.09432	8.86027	30.71
484	SYMBOLIC	EllipticK[1/2]/Pi	0.5901702995080481130226689702792442936168583174407236497579321997021520903603579	15.9546	4.15103	11.8036	1.51
492	SYMBOLIC	log10[4]	0.60205999132796239042747778944898605353637976292421708262085492225421637854884902	15.9546	2.60206	13.3525	1.86
498	SYMBOLIC	A085609	0.6083817178633247226838345858156201877591485982260225211995730815521797316621074	15.9546	5.	10.9546	3.12
504	NONE						30.66
510	NONE						31.22
516	SYMBOLIC	(-1 + 2^(1/3))^(1/3)	0.63818582086064415301550365944406770126515754397799768342106208158057548513970793	15.9546	4.90527	11.0493	0.90
522	SYMBOLIC	(3*Sqrt[3])/8	0.64951905283832898507279237806470213760355197017889273552092761729447488134080001	15.9546	3.45733	12.4973	8.22
528	SYMBOLIC	A005597	0.66016181584686957392781211001455577843262336028473341331944842333540564230449528	15.9546	5.	10.9546	3.08
534	NONE						31.00
540	SYMBOLIC	A175639	0.67823449191739197803553827948289481409633223918944010303646041596498337074012323	15.9546	5.	10.9546	3.00
546	SYMBOLIC	Log[2]*Log[Khinchin]	0.68472478856315712329914614875577762046067541633744883660628986781595688217626936	15.9546	4.80103	11.1536	0.84
552	SYMBOLIC	A065414	0.69750135849636590328467035082092292407315394621451539535437875288645911059609557	15.9546	5.	10.9546	3.06
560	SYMBOLIC	1 - 35/(12*Pi^2)	0.70447988104318149995535156563829438652895357387261423253364032364199506386014663	15.9546	6.47428	9.48031	0.89
566	SYMBOLIC	A240907	0.71044608959876307273252414169915367199320133395878523909279796851097269704391577	15.9546	5.	10.9546	3.00
572	SYMBOLIC	(1 + 1/Sqrt[5])/2	0.72360679774997896964091736687312762354406183596115257242708972454105209256378049	15.9546	4.45103	11.5036	4.07
579	SYMBOLIC	Gamma[2/3]^(-1)	0.7384881116216483129357543751645976411687940665756219761397617153145948414119108	15.9546	3.62815	12.3264	1.13
585	NONE						31.11
591	NONE						30.68
596	SYMBOLIC	A092874	0.76562505960464477539062500000000000075231638452626400509999138382223723380394596	15.9546	5.	10.9546	3.19
602	SYMBOLIC	A244256	0.77351629090844530407330258570740120035674447623502076127028642875874015817987901	15.9546	5.	10.9546	2.98
608	NONE						30.45
614	NONE						30.84
620	SYMBOLIC	Sqrt[2/Pi]	0.79788456080286535587989211986876373695171726232986931533185165934131585179860368	15.9546	2.80103	13.1536	4.68
627	SYMBOLIC	A085291	0.80939402054063913071793188059409131721595399242500030424202871504299901251654732	15.9546	5.	10.9546	3.08
633	SYMBOLIC	1/2 - Root[1 + #1 + #1^2 + 3*#1^3 & , 1, 0]/2	0.81751211247802066015832060851217933512469606167494596788013350054348116022839908	15.9546	7.50939	8.4452	31.60
639	SYMBOLIC	SphericalBesselJ[0, Pi/3]	0.82699334313268807426698974746945416209607972054996097919904903043654545520390469	15.9546	4.42712	11.5275	3.19
646	SYMBOLIC	Catalan/(Pi*ArcCoth[3])	0.84126694072473047188934886025473436202631762456001689878317969349918596523351632	15.9546	5.97712	9.97747	0.85
653	SYMBOLIC	A143347	0.85073618820186726036779776053206660441139949308271064772816826103183015845931945	15.9546	5.	10.9546	3.01
659	SYMBOLIC	Sqrt[3]/2	0.86602540378443864676372317075293618347140262690519031402790348972596650845440002	15.9546	2.37815	13.5764	15.85
666	NONE						30.86
672	SYMBOLIC	A072102	0.87446436840494486669435132059737316593533843192421457762578825350937006412972368	15.9546	5.	10.9546	3.06
678	SYMBOLIC	E^EulerGamma/2	0.89053620899509899261825205155358977458482260715171510267883293825642053840679415	15.9546	3.15103	12.8036	2.23
684	SYMBOLIC	log10[8]	0.90308998699194358564121668417347908030456964438632562393128238338132456782327353	15.9546	2.90309	13.0515	1.51
690	SYMBOLIC	(1 + Sqrt[3])/3	0.91068360252295909784248211383529078898093508460346020935193565981731100563626668	15.9546	3.25424	12.7003	4.32
696	SYMBOLIC	(1/2)!!^2	0.92703733865068595921692517359763002310879941176088345279296402252801088841905999	15.9546	3.40103	12.5536	1.42
702	SYMBOLIC	log10[9]	0.95424250943932487459005580651023061840025772838139172965973128061045830556732225	15.9546	2.95424	13.0003	1.48
708	SYMBOLIC	Pi^3/32	0.96894614625936938048363484584691860006954026768390961544201681574394984117080331	15.9546	4.33227	11.6223	2.64
714	SYMBOLIC	E^(-11/720 - Derivative[1][Zeta][-3])	0.97955552694284460582421883726349182644553675249552990225771714279758856724815596	15.9546	9.67585	6.27874	30.72
720	SYMBOLIC	2*ShapiroCyclicSumLambda	0.98913363444699305224349030826633798138034809804418221903935787808738289542675796	15.9546	2.80103	13.1536	3.03
726	RATIONAL	1	1.	11.9075	0.2	11.7075	8.33
732	SYMBOLIC	Zeta[7]	1.0083492773819228268397975498497967595998635605652387064172831365716014783173557	15.9546	2.5951	13.3595	1.29
738	NONE						30.76
744	SYMBOLIC	A083342	1.0346538818974379116197942984646382546703079843443852545030702812816335393866016	15.9546	5.	10.9546	3.05
750	NONE						30.64
756	SYMBOLIC	1/2 + 2/Sqrt[13]	1.0547001962252291220183417334569993763463533190531148019554543163426410689681555	15.9546	4.96703	10.9876	1.12
762	SYMBOLIC	(EulerGamma + Log[16])/Pi	1.0662758532089143543451101966157469467580175560399043066792273515776127068859829	15.9546	5.95412	10.0005	0.95
768	SYMBOLIC	DawsonFInfimumOrSupremumAbscissa[1]^(-1)	1.082088449270363396945518660482954372781209353653651774912708433816841117596294	15.9546	2.95	13.0046	0.86
775	SYMBOLIC	1/2 + SinIntegral[Pi]/Pi	1.0894898722360836351160144229124548707319487104821830734172518528841518518525219	15.9546	5.15103	10.8036	0.97
782	SYMBOLIC	Paris	1.0986419643941564857346689173435962108733483961082971672118330532787198920435313	15.9546	2.	13.9546	2.93
790	SYMBOLIC	Gamma[5/3]^(-1)	1.1077321674324724694036315627468964617531910998634329642096425729718922621178662	15.9546	4.02609	11.9285	1.13
796	NONE						30.95
802	SYMBOLIC	Zeta[7/2]	1.126733867317056646427812491854984272221996957403602963842396038636678337584321	15.9546	3.24613	12.7085	1.11
809	SYMBOLIC	Log[Pi]	1.1447298858494001741434273513530587116472948129153115715136230714721377698848261	15.9546	2.	13.9546	2.87
815	SYMBOLIC	E^(-Derivative[1, 0][PolyLog][0, 1/3])	1.1563626843322697168533703228873693565130145438918886379992595989831778160728262	15.9546	5.37712	10.5775	0.93
821	SYMBOLIC	(4*Catalan)/Pi	1.1662436161232751205535378258735796754562646159433490810440062764469905475217554	15.9546	3.85206	12.1025	1.08
827	SYMBOLIC	Pi^2/(12*Log[2])	1.1865691104156254528217229759472371205683565364720543359542542986528096320562544	15.9546	6.23021	9.72438	1.49
833	SYMBOLIC	A246061	1.2013035599673622412475559592073834824538384494271130851819559741480099779437752	15.9546	5.	10.9546	3.07
839	SYMBOLIC	12/Pi^2	1.2158542037080532573265535585167316668523052960669585861473083827300774515468253	15.9546	3.63021	12.3244	3.17
845	SYMBOLIC	Pi^2/8	1.2337005501361698273543113749845188919142124259050988283016686720275056028024007	15.9546	3.00309	12.9515	4.94
851	SYMBOLIC	2^(1/3)	1.2599210498948731647672106072782283505702514647015079800819751121552996765139595	15.9546	2.12815	13.8264	3.80
857	NONE						30.65
863	NONE						30.76
872	SYMBOLIC	Mills	1.3063778838630806904686144926026057129167845851567136443680537599664340537668266	15.9546	2.	13.9546	3.30
878	SYMBOLIC	Pi^(1/4)	1.3313353638003897127975349179502808533093662238181042584537074828667007610172356	15.9546	2.45206	13.5025	1.98
884	NONE						31.00
890	SYMBOLIC	A243533	1.3531302722959332816529440324922596269087904243719112646120172263309370164873518	15.9546	5.	10.9546	2.89
896	SYMBOLIC	Shallit	1.369451403993770058435527924206214336607718759006318766578389008014714917564647	15.9546	2.	13.9546	3.01
903	SYMBOLIC	(-1/2)!!^(-4)	1.3932039296856768591842462603253682426574812175156178789742816318803240125750366	15.9546	4.75309	11.2015	0.96
909	SYMBOLIC	(-EllipticE[-1] + 2*EllipticK[-1])^(-1)	1.4045759346637420327739584715481437432346118306527119361180896185877171944825772	15.9546	7.40103	8.55356	30.97
915	NONE						30.94
921	NONE						30.74
928	SYMBOLIC	Gamma[1/3]/Gamma[2/3]^2	1.4609984862063183581588731178460596970389313558074617882057754344415213558857314	15.9546	7.5063	8.44829	30.55
934	SYMBOLIC	A272028	1.4681911223229937810791017556555548619218233431330151966983329407125111498472096	15.9546	5.	10.9546	2.93
940	NONE						30.37
946	SYMBOLIC	SelbergDelange	1.5147801281374912577909192556494748924152701582862143953574842714849322098156116	15.9546	2.	13.9546	2.90
952	SYMBOLIC	A153386	1.5353705088362529850298528966515990063670115910711385632352636651310472786289094	15.9546	5.	10.9546	3.12
958	NONE						30.66
964	SYMBOLIC	ArcTan[100000]	1.570786326794896952564655004973084776860489461481203704147356856037698856933825	15.3831	6.5	8.88311	30.95
970	NONE						30.94
976	SYMBOLIC	A083286	1.6222705028847673159569509828993241130661055623130374321854433873784339997274845	15.9546	5.	10.9546	3.28
982	SYMBOLIC	Sqrt[2*QPochhammer[-1/4, 1/4]]	1.6467602581210656483660512222822984356523767257010274090124053175517281624391414	15.9546	6.20515	9.74944	0.86
988	NONE						30.69
994	SYMBOLIC	Pi^2/(4*ArcSinh[2])	1.7091579853056219264638156936203295429790347161688500842462767774046242793915636	15.9546	5.75309	10.2015	1.57
1000	SYMBOLIC	Sqrt[2*Pi]*Log[2]	1.7374623212723182836603091647443649611356125421080184807527977068190314526139826	15.9546	4.35206	11.6025	2.12
1006	SYMBOLIC	Root[1 - #1 + #1^3 & , 1, 0]^2	1.7548776662466927600495088963585286918946066177727931439892839706460806551280811	15.9546	5.00309	10.9515	2.11
1012	SYMBOLIC	-log10[1/59]	1.7708520116421441902606563845351442389267444749307652155272855652834507468771997	15.9546	5.07085	10.8837	0.79
1018	SYMBOLIC	E^EulerGamma	1.7810724179901979852365041031071795491696452143034302053576658765128410768135883	15.9546	2.	13.9546	2.29
1024	SYMBOLIC	Log[6]	1.7917594692280550008124773583807022727229906921830047058553743431308879151883037	15.9546	2.27815	13.6764	3.31
1031	SYMBOLIC	2*Catalan	1.8319311883544380301092070298647682215482987485633442685329962392435260395525095	15.9546	1.80103	14.1536	0.90
1037	SYMBOLIC	-log10[1/71]	1.8512583487190752860928294350354291352704199016003919762766498711313708897956814	15.9546	5.15126	10.8033	0.92
1043	SYMBOLIC	-log10[1/79]	1.897627091290441427994821386478249686482862019025150315616351345297622722248352	15.9546	5.19763	10.757	0.87
1050	SYMBOLIC	Root[-1 - #1 - #1^2 - #1^3 + #1^4 & , 2, 0]	1.9275619754829253042619058617366221686985542551633847271466470380096660622978156	15.9546	6.68021	9.27438	1.45
1057	SYMBOLIC	-log10[1/89]	1.9493900066449127847235433697024411246651618581002445836328694019898213455154955	15.9546	5.24939	10.7052	0.77
1063	NONE						31.02
1069	RATIONAL	2	2.	15.9546	0.30103	15.6536	18.54
1075	NONE						31.11
1081	SYMBOLIC	Log[8]	2.0794415416798359282516963643745297042265004030807657623620400284801808659090841	15.9546	2.40309	13.5515	7.09
1087	SYMBOLIC	EllipticTheta[2, 1/2]	2.1289312505130275585916134025753501808538053969584489409689955494210549324047817	15.9546	3.45206	12.5025	0.99
1094	NONE						30.75
1100	SYMBOLIC	A065484	2.203856596437859787872828316480089662567173193787858634170495544871668868118527	15.9546	5.	10.9546	2.99
1106	SYMBOLIC	TakeuchiPrelberg	2.23943310400526073175479	15.9546	2.	13.9546	2.94
1112	SYMBOLIC	A021002	2.2948565916733137941835158313443112887131637994416686732758140300013970120113232	15.9546	5.	10.9546	3.33
1118	NONE						30.80
1124	SYMBOLIC	Pi^2/Log[64]	2.3731382208312509056434459518944742411367130729441086719085085973056192641125089	15.9546	5.80618	10.1484	1.46
1130	SYMBOLIC	2*Zeta[3]	2.4041138063191885707994763230228999815299725846809977635845431106836764115726262	15.9546	3.02815	12.9264	2.41
1136	NONE						30.82
1142	SYMBOLIC	10^(2/5)	2.5118864315095801110850320677993273941585181007824754286798884209082432477235613	15.9546	3.35	12.6046	1.07
1148	SYMBOLIC	Log[13]	2.5649493574615367360534874415653186048052679447602071164190455106634646673244102	15.9546	2.61394	13.3406	1.86
1154	SYMBOLIC	2*EllipticK[-1]	2.6220575542921198104648395898911194136827549514316231628168217038007905870704143	15.9546	3.00103	12.9536	1.26
1161	NONE						31.01
1167	SYMBOLIC	A066766	2.7440338887594883604802148914922721643114289813196393178485288847379122832638957	15.9546	5.	10.9546	3.15
1173	NONE						30.59
1179	SYMBOLIC	(9*A065418)/2	2.8582485957192204324301346607263508780392955929956760290488050721905307590226263	15.9546	7.10527	8.84932	30.86
1185	SYMBOLIC	A244292	2.990470399371904798778275169420631039885377699930109355059036923225406102119868	15.9546	5.	10.9546	2.87
1191	SYMBOLIC	Pi	3.141592653589793238462643383279502884197169399375105820974944592307816406286209	15.9546	0.5	15.4546	11.50
1197	SYMBOLIC	1 + Sqrt[5]	3.2360679774997896964091736687312762354406183596115257242708972454105209256378049	15.9546	2.14897	13.8056	6.14
1203	SYMBOLIC	RobinsonsB	3.3038421963071825129890572514630514636300080685220141858633717694497104547303793	15.9546	2.	13.9546	2.96
1209	SYMBOLIC	Magata	3.4070691656272561422194582628271806535540344380150321161910338275729699387041035	15.9546	2.	13.9546	2.99
1215	SYMBOLIC	QPochhammer[1/2, 1/2]^(-1)	3.4627466194550636115379573429244311645407579029044383913293530317589154397404206	15.9546	4.55206	11.4025	0.87
1221	SYMBOLIC	A098587	3.5699456718709449018420051513864989367638369115148323781079755299213628875001368	15.9546	5.	10.9546	3.05
1227	SYMBOLIC	RealInversePolyGamma[0, Log[Pi], 1]	3.6284732024302883900664191943453846183095086185916074287549398393885546733684101	15.9546	5.3	10.6546	0.76
1233	SYMBOLIC	A242672	3.8695192413979994956941672787790834321946064325196933440439608911705962997898032	15.9546	5.	10.9546	2.92
1240	SYMBOLIC	Log[61]	4.1108738641733112487513891034256147463156817430812610629373836464194398068449487	15.9546	3.28533	12.6693	1.19
1246	SYMBOLIC	Pi^(3/2)/EllipticK[-1]	4.2472965459638786512215131495957885240222385789315568481620060733559333822448464	15.9546	6.07815	9.87644	1.09
1252	SYMBOLIC	-ProductLog[-1/2*1/E]^(-1)	4.3110704070010050350470760964468902783915629980402880506693788444624829574951417	15.9546	6.30103	9.65356	0.77
1258	SYMBOLIC	Log[89]	4.4886363697321398383178155406698492194046603871329593641066975772879538927794562	15.9546	3.44939	12.5052	0.99
1264	SYMBOLIC	10^(2/3)	4.6415888336127788924100763509194465765513491250112436376506928586847778696928448	15.9546	3.12815	12.8264	2.23
1270	SYMBOLIC	E^(Pi/2)	4.8104773809653516554730356667038331263901708746645349400208154892425519048915821	15.9546	2.65103	13.3036	2.85
1276	NONE						30.61
1282	SYMBOLIC	E^(Pi^2/(4*ArcSinh[2]))	5.5243079702509289608627058754408293775631029033284192370347025055797823658132004	15.9546	6.75309	9.2015	0.74
1288	SYMBOLIC	BesselJZero[0, 1]^2	5.7831859629467845211759957584558070350714418064236855870871237144560643048855444	15.9546	3.55	12.4046	0.82
1294	SYMBOLIC	Sqrt[43]	6.5574385243020006523441099976360016279269663198837897698654601055856598534885756	15.9546	2.38347	13.5711	2.32
1300	SYMBOLIC	2*RealInversePolyGamma[0, Log[Pi], 1]	7.2569464048605767801328383886907692366190172371832148575098796787771093467368203	15.9546	6.10103	9.85356	0.72
1306	NONE						30.60
1312	SYMBOLIC	A085365^(-1)	8.7000366252081945032224098591130049711932979497428920921596672786834299641140252	15.9546	5.75	10.2046	3.89
1318	SYMBOLIC	Sqrt[89]	9.4339811320566038113206603776226407169836226334151213206629814489800229095851181	15.9546	2.69939	13.2552	1.94
1324	NONE						30.25
1330	SYMBOLIC	Im[ZetaZero[1]]	14.134725141734693790457251983562470270784257115699243175685567460149963429809257	15.9546	3.7	12.2546	0.71
1336	SYMBOLIC	8*Log[10]	18.42068074395236547214393163747491366080881190903018380826662320774058087741882	15.9546	3.90309	12.0515	3.28
1342	SYMBOLIC	Im[ZetaZero[2]]	21.022039638771554992628479593896902777334340524902781754629520403587598586068891	15.9546	3.80103	12.1536	0.67
1348	SYMBOLIC	9*Pi	28.274333882308139146163790449515525957774524594375952388774501330770347656575881	15.9546	1.95424	14.0003	5.83
1354	SYMBOLIC	A084893	118.69246197276428462616699381371180487848147770003658138933770968670815044278986	15.9546	5.	10.9546	2.59
1360	SYMBOLIC	(-9 + 7^(-E^(-1) + E))*Pi^2	867.53090198168540975582752249614318384402972313281169377156589561760603903591898	15.9546	8.82434	7.13025	27.90
1366	SYMBOLIC	E^9	8103.0839275753840077099966894327599650114760878316134625001590521782725156906248	15.9546	1.95424	14.0003	1.76
1372	SYMBOLIC	Pi^10	93648.047476083020973716690184919345635998157275514694127052449393198248022287216	15.9546	2.5	13.4546	0.67
1378	SYMBOLIC	E^(8*Pi)	8.2226315585594995274966905951567547843392914366250745996252111213071928945402014e10	15.9546	2.90309	13.0515	2.03
22	SYMBOLIC	1 + Pi^2/3 + 4*PolyLog[2, -Sqrt[E]]	-0.65699901371692786827912005688957578075547419154089831657157781635260278881138284	15.9546	10.0312	5.92335	33.61
53	SYMBOLIC	E^(-7*Pi)	2.8142684574855527210911764090117449751701270066564895149825217602273541989668198e-10	15.9546	3.0951	12.8595	1.46
84	SYMBOLIC	(-29 + (-2 + E^2)^2)/8	0.0052407046777047711485689200701058937586843445508349286847603335579208644524548035	15.9546	7.06755	8.88704	27.26
114	SYMBOLIC	1/2 - Catalan/Pi - Log[2]/4	0.035152300829194892507307513167060939117058812424098916208828428514903957627137459	15.9546	8.85412	7.10047	29.87
144	SYMBOLIC	1/(4*Pi)	0.079577471545947667884441881686257181017229822870228224373833672029448398817113268	15.9546	2.70206	13.2525	8.09
174	SYMBOLIC	2/(5*Sqrt[11])	0.12060453783110544905872482678802497032462140165779467625667935076787216882214705	15.9546	4.79242	11.1622	2.47
204	SYMBOLIC	ArcCoth[3]/2	0.17328679513998632735430803036454414201887503359006381353017000237334840549242368	15.9546	3.12815	12.8264	8.11
234	SYMBOLIC	-Zeta[-1/2]	0.20788622497735456601730672539704930222626853128767253761011355710614729193229234	15.9546	3.60103	12.3536	1.53
266	NONE						30.85
297	NONE						31.49
327	SYMBOLIC	A085849	0.35323637185499598454351655043268201128	15.9546	5.	10.9546	2.85
358	NONE						31.15
388	SYMBOLIC	ArcTan[SincInfimumOrSupremumAbscissa[1]]/Pi	0.43029665312420275777219844545854836892203153170119392995362943759339439686292363	15.9546	5.45	10.5046	1.04
420	SYMBOLIC	PlouffeB	0.4756260767359885548049772529049547142819605313538227528958111342095740402874984	15.9546	2.	13.9546	2.93
450	SYMBOLIC	-PolyLog[3, -1/2] + PolyLog[3, 1/4]/4	0.5372131936080402009406232255949658266704024993403781706897619307183240809201384	15.9546	10.2094	5.7452	30.97
480	SYMBOLIC	1 - QPochhammer[1/2, 1/4]	0.58057755820489240229004389229702574776604676560733325091955008336822794912729081	15.9546	5.75309	10.2015	0.85
512	NONE						31.17
542	NONE						30.80
574	SYMBOLIC	2/3 + (-4/5 + Pi)/40	0.72520648300641149762823275124865423877159590165104431219104028147436207682382189	15.9546	6.98124	8.97335	30.67
604	SYMBOLIC	(3/2)^(-log[3, 2])	0.77428132631512145363168654083315843699275102822100796131955053734706722010749226	15.9546	6.3563	9.59829	31.21
635	NONE						30.47
668	SYMBOLIC	(5*Pi)/18	0.87266462599716478846184538424430635672143594427086272804859572008550455730172472	15.9546	3.30424	12.6503	4.83
698	SYMBOLIC	A065416	0.93126518416000433438923720555067698255842373458780105901698771545954336028682385	15.9546	5.	10.9546	2.92
728	NONE						30.58
758	SYMBOLIC	2^(1/12)	1.0594630943592952645618252949463417007792043174941856285592084314587616460632557	15.9546	2.73021	13.2244	1.72
792	SYMBOLIC	(8*EllipticK[-1])/(3*Pi)	1.1128357888987642483752396437320624119919906846537960032664364934715759902793685	15.9546	6.18021	9.77438	1.07
823	SYMBOLIC	Sinh[1]	1.1752011936438014568823818505956008151557179813340958702295654130133075673043239	15.9546	1.7	14.2546	2.97
853	NONE						30.41
886	SYMBOLIC	Pi^2/(8*Catalan)	1.3468852519994065951820075554411077947152516255689688208194262281270081073429584	15.9546	5.25309	10.7015	0.79
917	SYMBOLIC	1/3 + (2*Sqrt[3])/Pi	1.4359911241769174323559863299592722161281062940666146389320653739153939402718729	15.9546	5.10527	10.8493	1.05
948	NONE						30.45
978	SYMBOLIC	1 - log10[10/43]	1.633468455579586526405088153229222158808774884380093414524749398913131034270333	15.9546	6.63347	9.32112	0.83
1008	SYMBOLIC	1 - log10[Pi/18]	1.7581226324091722154525264129438247715167692854630578248361052418126193827521941	15.9546	6.25527	9.69932	0.81
1039	SYMBOLIC	EllipticK[1/2]	1.85407467730137191843385034719526004621759882352176690558592804505602177683812	15.9546	2.40103	13.5536	1.29
1071	NONE						30.41
1102	SYMBOLIC	Pi/Sqrt[2]	2.221441469079183123507940495030346849307310844687845111542697803478217396549737	15.9546	3.20206	12.7525	6.30
1132	NONE						30.30
1163	NONE						30.47
1193	SYMBOLIC	Sqrt[10]	3.1622776601683793319988935444327185337195551393252168268575048527925944386392382	15.9546	1.75	14.2046	7.37
1223	SYMBOLIC	(4*(4*(-2 + Sqrt[2]) + Log[2]))/(1 - 2*Sqrt[2])	3.6096567319886290815858452124501334926729376982657212468085624870084650985983874	15.9546	10.6593	5.29532	30.10
1254	SYMBOLIC	Log[79]	4.3694478524670214941729455414814109221735412244226096254121711175598060611244323	15.9546	3.39763	12.557	1.00
1284	SYMBOLIC	Pi^(3/2)	5.5683279968317078452848179821188357020136243902832439107536758188297455336477957	15.9546	2.62815	13.3264	2.65
1314	SYMBOLIC	Sqrt[83]	9.1104335791442988819456261046886691900991391682649558524969384650660211942834057	15.9546	2.66908	13.2855	1.91
1344	SYMBOLIC	Pi^E	22.459157718361045473427152204543735027589315133996692249203002554066926040399118	15.9546	2.125	13.8296	0.91
1374	SYMBOLIC	E^(4*Pi)	286751.31313665329974669162477367348369187643801384637412368144278206070277828779	15.9546	2.60206	13.3525	1.97
