id	name	total	K	CR_K	agree	equation	F
1	conic constant	4	5	4	64.0	x, SQR = FOUR, EXP	NEG, FOUR, EXP, SQRT, TIMES
4	log e^(-2π)	7	6	6	64.0	x = THREE, ARCTAN, COS, LOG, PI, DIVIDE	THREE, ARCTAN, COS, LOG, PI, DIVIDE
5	(1 + 1/e)/(1/e - 1) = -coth(1/2)	6	5	5	63.9	x = TWO, NEG, DIVIDE, TANH, INV	TWO, NEG, DIVIDE, TANH, INV
8	log π/180	11	12		64.0	x, NEG, NINE, SUBTRACT, POWER = SIX, SQR, FIVE, TIMES, PI, DIVIDE	NEG, NINE, SUBTRACT, LOG, SIX, SQR, FIVE, TIMES, PI, DIVIDE, LOG, DIVIDE
11	log e^(-π)	8	7	7	64.0	x, PI, DIVIDE = THREE, ARCTAN, COS, SQR, LOG	THREE, ARCTAN, COS, SQR, LOG, PI, DIVIDE
12	log 1/4π	9	10		63.8	x, NEG, NINE, SUBTRACT, POWER = PI, FOUR, TIMES, INV	NEG, NINE, SUBTRACT, LOG, PI, FOUR, TIMES, INV, LOG, DIVIDE
14	Neg	2	1	1	64.0	x = NEG	NEG
15	log 1/π^2	6	7	7	64.0	x, THREE, ARCTAN, COS, POWER = PI	THREE, ARCTAN, COS, LOG, PI, LOG, DIVIDE
16	log 1/3π	9	10		64.0	x, NEG, NINE, SUBTRACT, POWER = PI, THREE, INV, DIVIDE	NEG, NINE, SUBTRACT, LOG, PI, THREE, INV, DIVIDE, LOG, DIVIDE
18	log 1/e^2	6	5	5	64.0	x, INV = THREE, ARCTAN, COS, LOG	THREE, ARCTAN, COS, LOG, INV
19	log 1/2π	9	10		64.0	x, NEG, NINE, SUBTRACT, POWER = PI, PI, PLUS, INV	NEG, NINE, SUBTRACT, LOG, PI, PI, PLUS, INV, LOG, DIVIDE
21	log e^(-π/2)	8	7	7	64.0	x, ONE, ARCTAN, DIVIDE = THREE, ARCTAN, COS, LOG	THREE, ARCTAN, COS, LOG, ONE, ARCTAN, DIVIDE
24	log 1/π	7	8	8	64.0	x, NEG, NINE, SUBTRACT, POWER = PI, INV	NEG, NINE, SUBTRACT, LOG, PI, INV, LOG, DIVIDE
25	log 1/e	7	6	6	64.0	x, INV = THREE, ARCTAN, COS, SQR, LOG	THREE, ARCTAN, COS, SQR, LOG, INV
26	log Sqrt[1/2π]	10	11		64.0	x, NEG, NINE, SUBTRACT, POWER = PI, PI, PLUS, INV, SQRT	NEG, NINE, SUBTRACT, LOG, PI, PI, PLUS, INV, SQRT, LOG, DIVIDE
27	ln ln two	4	3	3	64.0	x = TWO, LOG, LOG	TWO, LOG, LOG
28	log M = log e	10	11		63.9	x, NEG, NINE, SUBTRACT, POWER = NEG, NINE, SUBTRACT, LOG, INV	NEG, NINE, SUBTRACT, LOG, NEG, NINE, SUBTRACT, LOG, INV, LOG, DIVIDE
29	log π/6	8	9		64.0	x, NEG, NINE, SUBTRACT, POWER = SIX, PI, DIVIDE	NEG, NINE, SUBTRACT, LOG, SIX, PI, DIVIDE, LOG, DIVIDE
31	Airy function constant	11	10		63.8	THREE, INV, GAMMA, x, TIMES = THREE, INV, THREE, POWER, NEG, DIVIDE	THREE, INV, GAMMA, THREE, INV, THREE, POWER, NEG, DIVIDE, DIVIDE
32	log Sqrt[1/π]	8	9		63.8	x, NEG, NINE, SUBTRACT, POWER = PI, INV, SQRT	NEG, NINE, SUBTRACT, LOG, PI, INV, SQRT, LOG, DIVIDE
34	log Sqrt[1/e]	8	7	7	64.0	x, INV = THREE, ARCTAN, COS, SQR, SQR, LOG	THREE, ARCTAN, COS, SQR, SQR, LOG, INV
36	log 2/π	8	9		64.0	x, NEG, NINE, SUBTRACT, POWER = ONE, ARCSIN, INV	NEG, NINE, SUBTRACT, LOG, ONE, ARCSIN, INV, LOG, DIVIDE
37	log Cbrt[1/π]	9	10		64.0	x, INV, PI, POWER = SIX, THREE, ARCTAN, COS, POWER	PI, LOG, SIX, THREE, ARCTAN, COS, POWER, LOG, DIVIDE, INV
38	log Cbrt[1/e]	8	7	7	63.8	x, INV = SIX, THREE, ARCTAN, COS, POWER, LOG	SIX, THREE, ARCTAN, COS, POWER, LOG, INV
39	ln(Gamma(4/3))	6	5	5	63.4	x, EXP = THREE, FOUR, DIVIDE, GAMMA	THREE, FOUR, DIVIDE, GAMMA, LOG
40	log π/4	8	9	8	63.6	x, INV, ONE, ARCTAN, POWER = NEG, NINE, SUBTRACT	ONE, ARCTAN, LOG, NEG, NINE, SUBTRACT, LOG, DIVIDE, INV
41	ln(Gamma(5/3))	6	5	5	63.9	x, EXP = THREE, LOG, COSH, GAMMA	THREE, LOG, COSH, GAMMA, LOG
42	ln(Gamma(5/4))	6	5	5	64.0	x, EXP = TWO, LOG, COSH, GAMMA	TWO, LOG, COSH, GAMMA, LOG
43	log Sqrt[2/π]	9	10		64.0	x, NEG, NINE, SUBTRACT, POWER = ONE, ARCSIN, INV, SQRT	NEG, NINE, SUBTRACT, LOG, ONE, ARCSIN, INV, SQRT, LOG, DIVIDE
44	ln(Gamma(7/4))	6	5	5	64.0	x = FOUR, SEVEN, DIVIDE, GAMMA, LOG	FOUR, SEVEN, DIVIDE, GAMMA, LOG
47	log 3/π	8	9		64.0	x, NEG, NINE, SUBTRACT, POWER = PI, THREE, DIVIDE	NEG, NINE, SUBTRACT, LOG, PI, THREE, DIVIDE, LOG, DIVIDE
48	Zero	3	2	2	64.0	x, EXP = ONE	ONE, LOG
49	e^(-10pi)	6	7	6	64.0	EIGHT, x, LOG, DIVIDE, TAN = NEG	EIGHT, PI, NEG, ARCTAN, SUBTRACT, TIMES, EXP
50	e^(-9pi)	6	5	5	64.0	x, INV, LOG = PI, NINE, TIMES	PI, NINE, TIMES, EXP, INV
52	e^(-8pi)	6	5	5	63.9	x, INV, LOG = PI, EIGHT, TIMES	PI, EIGHT, TIMES, EXP, INV
53	e^(-7pi)	6	5	5	64.0	x, INV, LOG = PI, SEVEN, TIMES	PI, SEVEN, TIMES, EXP, INV
54	e^(-6pi)	6	5	5	64.0	x, INV, LOG = PI, SIX, TIMES	PI, SIX, TIMES, EXP, INV
55	e^(-5pi)	6	5	5	63.6	x, INV, LOG = PI, FIVE, TIMES	PI, FIVE, TIMES, EXP, INV
56	e^(-4pi)	6	5	5	64.0	x = PI, EXP, INV, SQR, SQR	PI, EXP, INV, SQR, SQR
57	1 arcsecond in radians	10	9		64.0	PI, x, DIVIDE, SQRT = SEVEN, GAMMA, TWO, ARCTAN, SIN, DIVIDE	PI, SEVEN, GAMMA, TWO, ARCTAN, SIN, DIVIDE, SQR, TIMES
58	pi^-10	6	5	5	63.5	x, SQRT, INV = FIVE, PI, POWER	FIVE, PI, POWER, INV, SQR
59	pi^-9	5	4	4	63.8	x = NINE, PI, POWER, INV	NINE, PI, POWER, INV
60	e^-10	5	4	4	64.0	x = FIVE, EXP, SQR, INV	FIVE, EXP, SQR, INV
61	e^(-3pi)	6	5	5	64.0	x = THREE, PI, EXP, INV, POWER	THREE, PI, EXP, INV, POWER
62	pi^-8	5	4	4	63.5	x = EIGHT, PI, POWER, INV	EIGHT, PI, POWER, INV
64	e^-9	4	3	3	63.4	x, INV = NINE, EXP	NINE, EXP, INV
66	1 arcminute in radians	9	8	8	64.0	x, THREE, TIMES = SEVEN, GAMMA, FIVE, TIMES, PI, DIVIDE	THREE, SEVEN, GAMMA, FIVE, TIMES, PI, DIVIDE, DIVIDE
67	pi^-7	5	4	4	64.0	x = SEVEN, PI, POWER, INV	SEVEN, PI, POWER, INV
68	e^-8	4	3	3	64.0	x = EIGHT, EXP, INV	EIGHT, EXP, INV
72	e^-7	4	3	3	64.0	x = SEVEN, EXP, INV	SEVEN, EXP, INV
73	pi^-6	5	4	4	63.5	x = SIX, PI, POWER, INV	SIX, PI, POWER, INV
76	e^(-2pi)	5	4	4	63.8	x = PI, EXP, INV, SQR	PI, EXP, INV, SQR
80	e^-6	4	3	3	64.0	x = SIX, EXP, INV	SIX, EXP, INV
82	pi^-5	5	4	4	64.0	x, INV = FIVE, PI, POWER	FIVE, PI, POWER, INV
88	e^-5	4	3	3	64.0	x = FIVE, EXP, INV	FIVE, EXP, INV
95	pi^-4	5	4	4	63.7	x = PI, SQR, INV, SQR	PI, SQR, INV, SQR
102	number of radians in one degree	7	6	6	64.0	x = SIX, SQR, FIVE, TIMES, PI, DIVIDE	SIX, SQR, FIVE, TIMES, PI, DIVIDE
104	e^-4	4	3	3	64.0	x = FOUR, EXP, INV	FOUR, EXP, INV
105	log π/3	8	9		64.0	x, NEG, NINE, SUBTRACT, POWER = TWO, INV, ARCCOS	NEG, NINE, SUBTRACT, LOG, TWO, INV, ARCCOS, LOG, DIVIDE
113	pi^-3	5	4	4	63.9	x, INV = THREE, PI, POWER	THREE, PI, POWER, INV
121	e^(-1pi)	4	3	3	64.0	x = PI, EXP, INV	PI, EXP, INV
123	pi^-e	5	4	4	64.0	x = EULER, PI, POWER, INV	EULER, PI, POWER, INV
128	e^-3	4	3	3	64.0	x = THREE, EXP, INV	THREE, EXP, INV
130	ball tetrahedron-picking constant	10	9		64.0	x, FIVE, PI, DIVIDE, DIVIDE = SIX, LOG, SINH, NINE, PLUS	SIX, LOG, SINH, NINE, PLUS, FIVE, PI, DIVIDE, DIVIDE
132	log ln π	7	8	8	64.0	x, NEG, NINE, SUBTRACT, POWER = PI, LOG	NEG, NINE, SUBTRACT, LOG, PI, LOG, LOG, DIVIDE
138	e^-e	4	3	3	64.0	x = EULER, EXP, INV	EULER, EXP, INV
139	Pythagorean triple constant for perimeters	6	5	5	64.0	x = PI, SQR, TWO, LOG, DIVIDE	PI, SQR, TWO, LOG, DIVIDE
140	(sqrt(13) - 1)/36	9	8	8	64.0	THREE, x, INV, SUBTRACT = THREE, SIX, GAMMA, SUBTRACT, SQRT	THREE, THREE, SIX, GAMMA, SUBTRACT, SQRT, PLUS, INV
143	disk triangle-picking constant	9	8	8	64.0	x, FOUR, TIMES = PI, SQR, SIX, LOG, SINH, DIVIDE	FOUR, PI, SQR, SIX, LOG, SINH, DIVIDE, DIVIDE
144	1/4π	5	4	4	64.0	x = PI, FOUR, TIMES, INV	PI, FOUR, TIMES, INV
145	-Integral {x=1..2} log Gamma(x) dx	8	7	7	64.0	x, ONE, SUBTRACT, EXP, SQR = PI, PI, PLUS	PI, PI, PLUS, SQRT, LOG, ONE, SUBTRACT
150	Erdős–Tenenbaum–Ford constant	9	10		64.0	x, TWO, POWER = EULER, TWO, POWER, SQRT, LOG, INV	TWO, LOG, EULER, TWO, POWER, SQRT, LOG, INV, LOG, DIVIDE
154	e^(-Pi^2/(6*log(2)))	9	8	8	64.0	x, SQR, LOG = EIGHT, INV, LOG, PI, SQR, DIVIDE	EIGHT, INV, LOG, PI, SQR, DIVIDE, EXP, SQRT
157	log Sqrt[π/2]	8	9		64.0	x, NEG, NINE, SUBTRACT, POWER = ONE, ARCSIN, SQRT	NEG, NINE, SUBTRACT, LOG, ONE, ARCSIN, SQRT, LOG, DIVIDE
159	pi^-2	4	3	3	64.0	x = PI, SQR, INV	PI, SQR, INV
163	log 4/π	8	9		63.6	x, NEG, NINE, SUBTRACT, POWER = ONE, ARCTAN, INV	NEG, NINE, SUBTRACT, LOG, ONE, ARCTAN, INV, LOG, DIVIDE
164	1/3π	5	4	4	63.4	x = PI, THREE, TIMES, INV	PI, THREE, TIMES, INV
168	1/sqrt(80) = sqrt(5)/20	5	4	4	63.6	x = NINE, INV, ARCSIN, TAN	NINE, INV, ARCSIN, TAN
173	4*Pi/105	8	7	7	63.9	x, NINE, TIMES = SIX, LOG, SINH, PI, DIVIDE	NINE, SIX, LOG, SINH, PI, DIVIDE, DIVIDE
174	2/(5*sqrt(11))	9	8	8	63.6	x, FIVE, TIMES = SEVEN, FOUR, DIVIDE, SQRT, ARCTAN, SIN	FIVE, SEVEN, FOUR, DIVIDE, SQRT, ARCTAN, SIN, DIVIDE
176	50*Pi/1296	8	11	8	63.4	NINE, SQR, x, TIMES, TAN = NEG, ARCSINH, EXP	NINE, SQR, THREE, PI, TIMES, NEG, ARCSINH, EXP, ARCTAN, PLUS, DIVIDE
177	sqrt(Pi^2 - 4)/(2*Pi^2)	8	7	7	64.0	PI, SQR, x, TIMES = ONE, ARCSIN, ARCCOSH, SINH	PI, SQR, ONE, ARCSIN, ARCCOSH, SINH, DIVIDE
181	3*sqrt(3)/(4*Pi^2)	9	8	8	63.7	x, NINE, DIVIDE = SEVEN, ARCCOSH, SINH, PI, SQR, TIMES	SEVEN, ARCCOSH, SINH, PI, SQR, TIMES, NINE, DIVIDE
184	e^-2	4	3	3	63.5	x = EULER, INV, SQR	EULER, INV, SQR
187	pi minus three	4	3	3	64.0	x = THREE, SIN, ARCSIN	THREE, SIN, ARCSIN
189	log Cbrt[e]	8	7	7	63.8	x, INV = THREE, FIVE, POWER, EIGHT, TIMES, LOG	THREE, FIVE, POWER, EIGHT, TIMES, LOG, INV
191	arctan(1/2)/Pi	6	5	5	63.6	x = PI, TWO, INV, ARCTAN, DIVIDE	PI, TWO, INV, ARCTAN, DIVIDE
196	Pythagorean triple constant for hypotenuses	5	4	4	63.6	x = PI, PI, PLUS, INV	PI, PI, PLUS, INV
199	log Cbrt[π]	9	10		64.0	x, INV, PI, POWER = THREE, FIVE, POWER, EIGHT, TIMES	PI, LOG, THREE, FIVE, POWER, EIGHT, TIMES, LOG, DIVIDE, INV
200	sixth	3	2	2	63.7	x = SIX, INV	SIX, INV
204	log(2)/4	5	4	4	63.8	x = FOUR, TWO, LOG, DIVIDE	FOUR, TWO, LOG, DIVIDE
208	pi^(-3/2)	6	5	5	63.8	x = THREE, PI, POWER, SQRT, INV	THREE, PI, POWER, SQRT, INV
217	1/sqrt(27)	5	4	4	63.7	x = NINE, THREE, SQRT, DIVIDE	NINE, THREE, SQRT, DIVIDE
220	Second du Bois-Reymond constant	7	6	6	63.7	EULER, x, THREE, PLUS, DIVIDE = ONE, SINH	THREE, EULER, ONE, SINH, TIMES, SUBTRACT
221	log π/2	8	9	8	64.0	x, INV, ONE, ARCSIN, POWER = NEG, NINE, SUBTRACT	ONE, ARCSIN, LOG, NEG, NINE, SUBTRACT, LOG, DIVIDE, INV
222	Pi/16	5	4	4	64.0	x = FOUR, SQR, PI, DIVIDE	FOUR, SQR, PI, DIVIDE
229	ln(Gamma(3/4))	6	5	5	64.0	x = TWO, LOG, SINH, GAMMA, LOG	TWO, LOG, SINH, GAMMA, LOG
233	e^(-pi/2)	4	3	3	63.7	x, LOG = NEG, ARCSIN	NEG, ARCSIN, EXP
236	log Sqrt[e]	7	6	6	64.0	x, INV = NEG, NINE, SUBTRACT, SQR, LOG	NEG, NINE, SUBTRACT, SQR, LOG, INV
246	1/sqrt(2*Pi*e), one of the Traveling Salesman constants	8	7	7	64.0	x, INV = PI, PI, PLUS, EULER, TIMES, SQRT	PI, PI, PLUS, EULER, TIMES, SQRT, INV
251	log Sqrt[π]	7	8	8	63.8	x, NEG, NINE, SUBTRACT, POWER = PI, SQRT	NEG, NINE, SUBTRACT, LOG, PI, SQRT, LOG, DIVIDE
255	(1/384)*Pi^4	8	7	7	64.0	x, SIX, TIMES = EIGHT, PI, SQR, DIVIDE, SQR	SIX, EIGHT, PI, SQR, DIVIDE, SQR, DIVIDE
259	Pi/12	5	4	4	64.0	x = THREE, ONE, ARCTAN, DIVIDE	THREE, ONE, ARCTAN, DIVIDE
270	1/Gamma(1/4)	5	4	4	64.0	x = FOUR, INV, GAMMA, INV	FOUR, INV, GAMMA, INV
271	rho_c = (5-sqrt(5))/10, the asymptotic critical density for the hard hexagon model	5	4	4	63.8	x = GOLDENRATIO, ARCTAN, COS, SQR	GOLDENRATIO, ARCTAN, COS, SQR
274	log 6/π	8	9		64.0	x, NEG, NINE, SUBTRACT, POWER = PI, SIX, DIVIDE	NEG, NINE, SUBTRACT, LOG, PI, SIX, DIVIDE, LOG, DIVIDE
275	((5 - 2*sqrt(2))*Pi)/24	10	13		64.0	FIVE, GAMMA, x, TIMES, SIN = EIGHT, SQRT, PI, TIMES, SIN	FIVE, GAMMA, TWO, PI, TIMES, EIGHT, SQRT, PI, TIMES, SIN, ARCSIN, PLUS, DIVIDE
280	Sum_{k>=0} (k!/(k+2)!)^2	7	6	6	63.9	x, THREE, PLUS = THREE, PI, SQR, DIVIDE	THREE, THREE, PI, SQR, DIVIDE, SUBTRACT
283	(1/105)*Pi^3	10	9		63.8	x, SEVEN, TIMES, THREE, TIMES = FIVE, THREE, PI, POWER, DIVIDE	SEVEN, THREE, FIVE, THREE, PI, POWER, DIVIDE, DIVIDE, DIVIDE
286	Wadsworth constant	6	5	5	64.0	x = THREE, INV, THREE, PLUS, INV	THREE, INV, THREE, PLUS, INV
288	log10(2)	6	7	7	64.0	x, NEG, NINE, SUBTRACT, POWER = TWO	NEG, NINE, SUBTRACT, LOG, TWO, LOG, DIVIDE
289	ln(Gamma(2/3))	6	5	5	63.9	x, EXP = THREE, TWO, DIVIDE, GAMMA	THREE, TWO, DIVIDE, GAMMA, LOG
292	3/pi^2	5	4	4	64.0	x = PI, SQR, THREE, DIVIDE	PI, SQR, THREE, DIVIDE
294	1 - log(2)	5	4	4	64.0	x = TWO, LOG, ONE, SUBTRACT	TWO, LOG, ONE, SUBTRACT
298	sin(Pi/10) (angle of 18 degrees)	5	4	4	63.8	x, GOLDENRATIO, TIMES = TWO, INV	GOLDENRATIO, TWO, INV, DIVIDE
306	reciprocal of π	3	2	2	64.0	x = PI, INV	PI, INV
318	third	3	2	2	64.0	x = THREE, INV	THREE, INV
322	2*sin(Pi/18)	8	7	7	64.0	TWO, x, DIVIDE = NINE, ONE, ARCSIN, DIVIDE, SIN	TWO, NINE, ONE, ARCSIN, DIVIDE, SIN, TIMES
331	log 1/M = ln 10	9	10		63.9	x, NEG, NINE, SUBTRACT, POWER = NEG, NINE, SUBTRACT, LOG	NEG, NINE, SUBTRACT, LOG, NEG, NINE, SUBTRACT, LOG, LOG, DIVIDE
332	equilateral triangle line-picking constant	11	10		63.9	x, FIVE, TIMES, ONE, SUBTRACT = NINE, THREE, SQRT, DIVIDE, SQRT, LOG	FIVE, NINE, THREE, SQRT, DIVIDE, SQRT, LOG, ONE, SUBTRACT, DIVIDE
333	(3*sqrt(6) - 7)*Pi/3	9	8	8	64.0	PI, x, DIVIDE = THREE, SEVEN, DIVIDE, SIX, SQRT, SUBTRACT	PI, THREE, SEVEN, DIVIDE, SIX, SQRT, SUBTRACT, TIMES
334	standard Gumbel distribution median	5	4	4	64.0	x, EXP = TWO, LOG, INV	TWO, LOG, INV, LOG
336	reciprocal of e	3	2	2	64.0	x = EULER, INV	EULER, INV
341	(1/144)*3^(1/2)*Pi^3	10	9		64.0	THREE, SQRT, x, TIMES = SIX, THREE, ONE, ARCSIN, POWER, DIVIDE	THREE, SQRT, SIX, THREE, ONE, ARCSIN, POWER, DIVIDE, DIVIDE
342	1/Gamma(1/3)	5	4	4	64.0	x = THREE, INV, GAMMA, INV	THREE, INV, GAMMA, INV
345	64/169, the upper bound (as given by S. Finch) of the 2-dimensional simultaneous Diophantine approximation constant	7	6	6	64.0	x, SQRT = FOUR, NINE, PLUS, EIGHT, DIVIDE	FOUR, NINE, PLUS, EIGHT, DIVIDE, SQR
347	expected distance from a randomly selected point in the unit square to its center: (sqrt(2) + log(1 + sqrt(2)))/6	8	7	7	64.0	x, SIX, TIMES = NEG, ARCSINH, TWO, SQRT, SUBTRACT	SIX, NEG, ARCSINH, TWO, SQRT, SUBTRACT, DIVIDE
351	1 - 6/pi^2	7	6	6	64.0	x = PI, SQR, SIX, DIVIDE, ONE, SUBTRACT	PI, SQR, SIX, DIVIDE, ONE, SUBTRACT
352	Pi/8	4	3	3	64.0	x = EIGHT, PI, DIVIDE	EIGHT, PI, DIVIDE
356	one div root two pi	6	5	5	64.0	x = PI, PI, PLUS, INV, SQRT	PI, PI, PLUS, INV, SQRT
357	log Sqrt[2π]	9	10		64.0	x, NEG, NINE, SUBTRACT, POWER = PI, PI, PLUS, SQRT	NEG, NINE, SUBTRACT, LOG, PI, PI, PLUS, SQRT, LOG, DIVIDE
364	m_2 = (2-1/e)/4, one of Renyi's parking constants, the mean car density in case "monomer with nearest neighbor exclusion	7	6	6	64.0	x = FOUR, EULER, INV, TWO, SUBTRACT, DIVIDE	FOUR, EULER, INV, TWO, SUBTRACT, DIVIDE
367	lower bound of the Berry-Esseen constant	11	10		64.0	x, THREE, ARCSINH, EXP, DIVIDE = PI, EIGHT, TIMES, NINE, TIMES, SQRT	PI, EIGHT, TIMES, NINE, TIMES, SQRT, THREE, ARCSINH, EXP, DIVIDE
369	sqrt(2)*(sqrt(6) - 1)/5	7	6	6	64.0	TWO, ARCCOSH, x, ARCTANH, SUBTRACT = NEG, ARCSINH	TWO, ARCCOSH, NEG, ARCSINH, PLUS, TANH
372	sqrt(2) - 1	4	3	3	64.0	x = NEG, ARCSINH, EXP	NEG, ARCSINH, EXP
379	logarithmic capacity of the unit equilateral triangle	11	10		64.0	x, THREE, TIMES, PI, DIVIDE = THREE, THREE, TWO, DIVIDE, GAMMA, POWER	THREE, THREE, THREE, TWO, DIVIDE, GAMMA, POWER, PI, DIVIDE, DIVIDE
383	pi^(-3/4)	6	5	5	64.0	x = PI, PI, SQRT, SQRT, DIVIDE	PI, PI, SQRT, SQRT, DIVIDE
389	2*arccsch(2)/sqrt(5)	7	6	6	64.0	x = GOLDENRATIO, LOG, COSH, GOLDENRATIO, LOG, DIVIDE	GOLDENRATIO, LOG, COSH, GOLDENRATIO, LOG, DIVIDE
390	m = (1-1/e^2)/2, one of Renyi's parking constants	5	4	4	64.0	x = EULER, ONE, SINH, DIVIDE	EULER, ONE, SINH, DIVIDE
392	common logarithm of e	6	5	5	64.0	x, INV = NEG, NINE, SUBTRACT, LOG	NEG, NINE, SUBTRACT, LOG, INV
395	1/(2*(Pi-2)), the upper bound of the 3-dimensional simultaneous Diophantine approximation constant	5	4	4	64.0	x, INV = FOUR, COS, ARCCOS	FOUR, COS, ARCCOS, INV
400	Ising constant	5	4	4	64.0	x = TWO, ONE, ARCSINH, DIVIDE	TWO, ONE, ARCSINH, DIVIDE
401	1/log(2)-1, the mean value of a random variable following the Gauss-Kuzmin distribution	6	5	5	64.0	x = TWO, LOG, INV, NEG, PLUS	TWO, LOG, INV, NEG, PLUS
403	1D Diophantine approximation constant	4	3	3	64.0	x = FIVE, INV, SQRT	FIVE, INV, SQRT
405	7*sqrt(3)/27	7	6	6	64.0	x = FIVE, THREE, POWER, SQRT, SEVEN, DIVIDE	FIVE, THREE, POWER, SQRT, SEVEN, DIVIDE
407	2^(1/2)/pi	5	4	4	64.0	x = PI, TWO, SQRT, DIVIDE	PI, TWO, SQRT, DIVIDE
408	log(Pi/2)	4	3	3	64.0	x, EXP = ONE, ARCSIN	ONE, ARCSIN, LOG
411	e^(-pi/4)	4	3	3	64.0	x = NEG, ARCTAN, EXP	NEG, ARCTAN, EXP
413	Machin Gregory series constant	4	3	3	64.0	x = TWO, INV, ARCTAN	TWO, INV, ARCTAN
415	(1/30)*2^(1/2)*Pi^2	9	8	8	64.0	x, PI, SQR, DIVIDE = SEVEN, ARCSINH, COSH, THREE, TIMES	SEVEN, ARCSINH, COSH, THREE, TIMES, PI, SQR, DIVIDE
417	pi^(-2/3)	6	6	6	64.0	THREE, x, POWER = PI, SQR, INV	THREE, INV, PI, SQR, INV, POWER
421	common logarithm of 3	6	7	7	64.0	x, NEG, NINE, SUBTRACT, POWER = THREE	NEG, NINE, SUBTRACT, LOG, THREE, LOG, DIVIDE
422	quadtree leaf proportion constant	11	10		64.0	PI, x, THREE, PLUS, DIVIDE = NEG, ARCTAN, NINE, DIVIDE, SIN, ARCSIN	THREE, PI, NEG, ARCTAN, NINE, DIVIDE, SIN, ARCSIN, TIMES, SUBTRACT
424	(ln 2)^2	4	3	3	64.0	x, SQRT = TWO, LOG	TWO, LOG, SQR
426	logarithm of golden ratio	3	2	2	64.0	x = GOLDENRATIO, LOG	GOLDENRATIO, LOG
436	common logarithm of π	6	7	7	64.0	x, NEG, NINE, SUBTRACT, POWER = PI	NEG, NINE, SUBTRACT, LOG, PI, LOG, DIVIDE
437	Half	3	2	2	64.0	x = TWO, INV	TWO, INV
440	sqrt(2 - sqrt(3)), edge length of a regular dodecagon with circumradius 1	5	6	5	64.0	x, SQR, LOG, COSH = TWO	NEG, TWO, ARCCOSH, TIMES, EXP, SQRT
443	sixth pi	4	3	3	64.0	x = TWO, INV, ARCSIN	TWO, INV, ARCSIN
446	Pythagorean triple constant for areas	11	10		64.0	ONE, ARCSIN, SQRT, x, TIMES = TWO, LOG, SINH, GAMMA, SQR, INV	ONE, ARCSIN, SQRT, TWO, LOG, SINH, GAMMA, SQR, INV, DIVIDE
449	2*(2 - sqrt(3))	6	5	5	64.0	x = TWO, ARCCOSH, EXP, TWO, DIVIDE	TWO, ARCCOSH, EXP, TWO, DIVIDE
453	cos one	3	2	2	64.0	x = NEG, COS	NEG, COS
456	Pi^2/18	7	6	6	64.0	x = PI, SIX, DIVIDE, SQR, TWO, DIVIDE	PI, SIX, DIVIDE, SQR, TWO, DIVIDE
465	one div root pi	4	3	3	64.0	x = PI, INV, SQRT	PI, INV, SQRT
476	3^(-1/2)	4	3	3	64.0	x = THREE, INV, SQRT	THREE, INV, SQRT
477	Pi/(2e)	5	4	4	64.0	x = EULER, ONE, ARCSIN, DIVIDE	EULER, ONE, ARCSIN, DIVIDE
478	k3, a Diophantine approximation constant such that the conjectured volume of the "critical parallelepiped" is 2^3*k3 (th	11	10		64.0	x, SEVEN, TIMES, LOG, SINH = SEVEN, PI, DIVIDE, COS, ONE, PLUS	SEVEN, SEVEN, PI, DIVIDE, COS, ONE, PLUS, ARCSINH, EXP, DIVIDE
484	Logarithmic capacity of the unit disk	10	9		64.0	x, ONE, ARCTAN, SQRT, DIVIDE = TWO, LOG, SINH, GAMMA, SQR	TWO, LOG, SINH, GAMMA, SQR, ONE, ARCTAN, SQRT, DIVIDE
490	second lemniscate constant	11	10		64.0	ONE, ARCSIN, SQRT, x, TIMES = FOUR, INV, GAMMA, PI, DIVIDE, SQR	ONE, ARCSIN, SQRT, FOUR, INV, GAMMA, PI, DIVIDE, SQR, DIVIDE
491	sqrt(13)/6	6	5	5	64.0	x, ARCTAN = SEVEN, SIX, DIVIDE, ARCCOS	SEVEN, SIX, DIVIDE, ARCCOS, TAN
492	log10(4)	6	7	7	64.0	x, THREE, ARCSINH, COSH, POWER = TWO	THREE, ARCSINH, COSH, LOG, TWO, LOG, DIVIDE
494	sum_{n>=1} 1/(n binomial(2n, n))	7	6	6	64.0	x = THREE, THREE, POWER, SQRT, PI, DIVIDE	THREE, THREE, POWER, SQRT, PI, DIVIDE
496	exp minus half	4	3	3	64.0	x = EULER, INV, SQRT	EULER, INV, SQRT
497	6/Pi^2	5	4	4	64.0	x = PI, SQR, SIX, DIVIDE	PI, SQR, SIX, DIVIDE
502	(1/16)*Pi^2	4	3	3	64.0	x = NEG, ARCTAN, SQR	NEG, ARCTAN, SQR
505	Cbrt[3/4π]	7	9	8	64.0	THREE, x, POWER, INV, TAN = THREE, SQRT	THREE, INV, PI, THREE, SQRT, ARCTAN, PLUS, INV, POWER
513	1 - 1/e	5	4	4	64.0	x = EULER, INV, ONE, SUBTRACT	EULER, INV, ONE, SUBTRACT
515	Buffon constant	4	3	3	64.0	x = ONE, ARCSIN, INV	ONE, ARCSIN, INV
516	(2^(1/3)-1)^(1/3)	9	9		64.0	THREE, x, POWER = THREE, INV, TWO, POWER, NEG, PLUS	THREE, INV, THREE, INV, TWO, POWER, NEG, PLUS, POWER
522	unit-diameter hexagon area	6	5	5	64.0	x = THREE, TWO, ARCCOSH, TANH, POWER	THREE, TWO, ARCCOSH, TANH, POWER
532	twothirds	4	3	3	64.0	x = THREE, TWO, DIVIDE	THREE, TWO, DIVIDE
535	sqrt(3)/(4 - sqrt(2))	8	7	7	64.0	x, THREE, SQRT, DIVIDE = TWO, SQRT, FOUR, SUBTRACT	TWO, SQRT, FOUR, SUBTRACT, THREE, SQRT, DIVIDE
541	1 - 1/Pi	5	4	4	64.0	x = PI, INV, ONE, SUBTRACT	PI, INV, ONE, SUBTRACT
543	log e^(π/2)	8	7	7	64.0	x, NEG, ARCTAN, DIVIDE = THREE, ARCTAN, COS, LOG	THREE, ARCTAN, COS, LOG, NEG, ARCTAN, DIVIDE
544	one div cbrt pi	5	5	5	64.0	THREE, x, POWER = PI, INV	THREE, INV, PI, INV, POWER
549	reciprocal of Steiner number	5	4	4	64.0	x = EULER, INV, EXP, INV	EULER, INV, EXP, INV
551	Natural logarithm of 2	3	2	2	64.0	x = TWO, LOG	TWO, LOG
554	log10(5)	6	7	7	64.0	x, NEG, NINE, SUBTRACT, POWER = FIVE	NEG, NINE, SUBTRACT, LOG, FIVE, LOG, DIVIDE
560	rectilinear crossing constant	9	8	8	64.0	x, ONE, SUBTRACT = PI, SQR, SIX, LOG, SINH, DIVIDE	PI, SQR, SIX, LOG, SINH, DIVIDE, ONE, SUBTRACT
563	sqrt(1/2)	4	3	3	64.0	x = NEG, ARCTAN, COS	NEG, ARCTAN, COS
567	1/(phi*log(4 - phi))	8	7	7	64.0	x, INV = GOLDENRATIO, GOLDENRATIO, FOUR, SUBTRACT, POWER, LOG	GOLDENRATIO, GOLDENRATIO, FOUR, SUBTRACT, POWER, LOG, INV
569	e^(-1/3)	5	4	4	64.0	x = THREE, INV, EXP, INV	THREE, INV, EXP, INV
571	1/(2 log 2)	4	3	3	64.0	x = FOUR, LOG, INV	FOUR, LOG, INV
572	k2, a Diophantine approximation constant such that the area of the "critical parallelogram" (in this case a square) is 4	5	4	4	64.0	x = FIVE, SQRT, GOLDENRATIO, DIVIDE	FIVE, SQRT, GOLDENRATIO, DIVIDE
577	sum_{n>=1} 1/binomial(2n, n)	10	9		64.0	THREE, x, NINE, TIMES, SUBTRACT = TWO, ARCCOSH, TANH, PI, DIVIDE	NINE, THREE, TWO, ARCCOSH, TANH, PI, DIVIDE, PLUS, DIVIDE
579	1/Gamma(2/3)	6	5	5	64.0	x = THREE, TWO, DIVIDE, GAMMA, INV	THREE, TWO, DIVIDE, GAMMA, INV
581	densest spatial packing of spheres constant	7	6	6	64.0	x = THREE, ARCCOSH, TANH, ONE, ARCTAN, TIMES	THREE, ARCCOSH, TANH, ONE, ARCTAN, TIMES
588	three quarters	4	3	3	64.0	x = TWO, LOG, SINH	TWO, LOG, SINH
589	pi^(-1/4)	5	4	4	64.0	x = PI, INV, SQRT, SQRT	PI, INV, SQRT, SQRT
604	lambda_3, an analog of the Stolarsky-Harborth constant for the number of elements not divisible by 3 in Pascal's triangl	10	10		64.0	NINE, LOG, x, POWER = THREE, TWO, DIVIDE, LOG, FOUR, POWER	NINE, LOG, INV, THREE, TWO, DIVIDE, LOG, FOUR, POWER, POWER
609	log10(6)	6	7	7	64.0	x, NEG, NINE, SUBTRACT, POWER = SIX	NEG, NINE, SUBTRACT, LOG, SIX, LOG, DIVIDE
613	(3*sqrt(3)+sqrt(7))/10	10	9		64.0	x, ARCCOS, THREE, ARCTAN, SUBTRACT = SEVEN, THREE, DIVIDE, SQRT, ARCTAN	SEVEN, THREE, DIVIDE, SQRT, ARCTAN, THREE, ARCTAN, SUBTRACT, COS
615	pi/4	3	2	2	64.0	x = ONE, ARCTAN	ONE, ARCTAN
620	root two div pi	5	4	4	64.0	x = ONE, ARCSIN, INV, SQRT	ONE, ARCSIN, INV, SQRT
621	log 2π	8	9		64.0	x, NEG, NINE, SUBTRACT, POWER = PI, PI, PLUS	NEG, NINE, SUBTRACT, LOG, PI, PI, PLUS, LOG, DIVIDE
630	(1 + sqrt(6))/(3*sqrt(2))	9	8	8	64.0	x, THREE, TIMES = NEG, ARCTAN, SIN, THREE, SQRT, SUBTRACT	THREE, NEG, ARCTAN, SIN, THREE, SQRT, SUBTRACT, DIVIDE
631	1/Gamma(3/4)	6	5	5	64.0	x, INV = TWO, LOG, SINH, GAMMA	TWO, LOG, SINH, GAMMA, INV
634	First Nielsen-Ramanujan constant	6	5	5	64.0	x = THREE, NEG, ARCSIN, SQR, DIVIDE	THREE, NEG, ARCSIN, SQR, DIVIDE
638	Pi/8 + sqrt(3)/4	7	8	7	64.0	x, FOUR, TIMES, SIN = THREE, SQRT, COS	FOUR, THREE, SQRT, COS, ARCSIN, PI, SUBTRACT, DIVIDE
639	asymptotic efficiency constant	8	7	7	64.0	x, THREE, SQRT, DIVIDE = TWO, NEG, DIVIDE, ARCCOS	TWO, NEG, DIVIDE, ARCCOS, THREE, SQRT, DIVIDE
642	Gauss's constant	10	9		64.0	x, ONE, ARCSIN, SQRT, DIVIDE = TWO, LOG, SINH, GAMMA, SQR	TWO, LOG, SINH, GAMMA, SQR, ONE, ARCSIN, SQRT, DIVIDE
647	sin one	3	2	2	64.0	x = ONE, SIN	ONE, SIN
648	reciprocal of the Khinchin-Lévy constant	7	6	6	64.0	x = NEG, ARCSIN, SQR, EIGHT, LOG, DIVIDE	NEG, ARCSIN, SQR, EIGHT, LOG, DIVIDE
650	log10(7)	6	7	7	64.0	x, NEG, NINE, SUBTRACT, POWER = SEVEN	NEG, NINE, SUBTRACT, LOG, SEVEN, LOG, DIVIDE
651	3/(2*sqrt(Pi))	7	6	6	64.0	x = PI, FOUR, TIMES, NINE, DIVIDE, SQRT	PI, FOUR, TIMES, NINE, DIVIDE, SQRT
652	ubiquitous constant	9	8	8	64.0	PI, SQRT, x, TIMES, SQRT = TWO, LOG, SINH, GAMMA	PI, SQRT, TWO, LOG, SINH, GAMMA, SQR, DIVIDE
654	maximal quantum success probability of the CHSH game	6	5	5	64.0	x = EIGHT, PI, DIVIDE, COS, SQR	EIGHT, PI, DIVIDE, COS, SQR
657	four minus pi	4	3	3	64.0	x = FOUR, TAN, ARCTAN	FOUR, TAN, ARCTAN
659	Steiner ratio of the Euclidean plane	4	3	3	64.0	x = TWO, ARCCOSH, TANH	TWO, ARCCOSH, TANH
660	log(4 - phi), where phi = A001622	5	4	4	64.0	x = GOLDENRATIO, FOUR, SUBTRACT, LOG	GOLDENRATIO, FOUR, SUBTRACT, LOG
661	log e^2	6	5	5	64.0	x, INV = THREE, ARCSINH, COSH, LOG	THREE, ARCSINH, COSH, LOG, INV
668	(5/18)*Pi	6	7	6	64.0	x, THREE, TIMES, SIN = TWO, INV	THREE, TWO, INV, ARCSIN, PI, SUBTRACT, DIVIDE
671	sqrt(2)/phi, where phi = (1+sqrt(5))/2	5	4	4	64.0	x = GOLDENRATIO, TWO, SQRT, DIVIDE	GOLDENRATIO, TWO, SQRT, DIVIDE
677	sqrt(Pi)/2	4	3	3	64.0	x, SQR = ONE, ARCTAN	ONE, ARCTAN, SQRT
680	Gamma(4/3)	5	4	4	64.0	x = THREE, FOUR, DIVIDE, GAMMA	THREE, FOUR, DIVIDE, GAMMA
683	Gamma(5/3)	5	4	4	64.0	x = THREE, LOG, COSH, GAMMA	THREE, LOG, COSH, GAMMA
684	log10(8)	6	7	7	64.0	x, NEG, NINE, SUBTRACT, POWER = EIGHT	NEG, NINE, SUBTRACT, LOG, EIGHT, LOG, DIVIDE
685	disk line-picking constant	10	9		64.0	ONE, ARCTAN, x, TIMES = SEVEN, GAMMA, THREE, EIGHT, POWER, DIVIDE	ONE, ARCTAN, SEVEN, GAMMA, THREE, EIGHT, POWER, DIVIDE, DIVIDE
686	Gamma(5/4)	5	4	4	64.0	x = TWO, LOG, COSH, GAMMA	TWO, LOG, COSH, GAMMA
687	densest planar packing of circles constant	6	5	5	64.0	x = THREE, SQRT, ONE, ARCSIN, DIVIDE	THREE, SQRT, ONE, ARCSIN, DIVIDE
690	(1 + sqrt(3))/3	7	6	6	64.0	x = THREE, THREE, SQRT, ONE, PLUS, DIVIDE	THREE, THREE, SQRT, ONE, PLUS, DIVIDE
692	log root two pi	6	5	5	64.0	x, EXP, SQR = PI, PI, PLUS	PI, PI, PLUS, SQRT, LOG
693	Gamma(7/4)	5	4	4	64.0	x = FOUR, SEVEN, DIVIDE, GAMMA	FOUR, SEVEN, DIVIDE, GAMMA
696	Product_{n>=1} (1 - 1/(4n+1)^2)	10	9		64.0	PI, SQRT, x, TIMES = EIGHT, FOUR, INV, GAMMA, SQR, DIVIDE	PI, SQRT, EIGHT, FOUR, INV, GAMMA, SQR, DIVIDE, DIVIDE
701	Pi*(1+sqrt(2))/8	8	7	7	64.0	PI, x, DIVIDE = EIGHT, ONE, ARCSINH, EXP, DIVIDE	PI, EIGHT, ONE, ARCSINH, EXP, DIVIDE, TIMES
702	log10(9)	6	7	7	64.0	x, THREE, ARCSINH, COSH, POWER = THREE	THREE, ARCSINH, COSH, LOG, THREE, LOG, DIVIDE
703	3/π	4	3	3	64.0	x = PI, THREE, DIVIDE	PI, THREE, DIVIDE
704	Magic angle	4	3	3	64.0	x = TWO, SQRT, ARCTAN	TWO, SQRT, ARCTAN
705	(log(2) + Pi)/4	7	6	6	64.0	x = FOUR, TWO, LOG, PI, PLUS, DIVIDE	FOUR, TWO, LOG, PI, PLUS, DIVIDE
708	L(3, chi4), where L(s, chi4) is the Dirichlet L-function for the non-principal character modulo 4	7	6	6	64.0	ONE, ARCSIN, x, DIVIDE = NEG, ARCTAN, SQR	ONE, ARCSIN, NEG, ARCTAN, SQR, TIMES
711	log 3π	8	9		64.0	x, NEG, NINE, SUBTRACT, POWER = PI, THREE, TIMES	NEG, NINE, SUBTRACT, LOG, PI, THREE, TIMES, LOG, DIVIDE
717	ln(Gamma(1/3))	5	4	4	64.0	x, EXP = THREE, INV, GAMMA	THREE, INV, GAMMA, LOG
718	Reuleaux triangle square cutting fraction	11	10		64.0	TWO, INV, ARCSIN, x, SUBTRACT = TWO, ARCCOSH, EXP, THREE, SQRT, DIVIDE	TWO, INV, ARCSIN, TWO, ARCCOSH, EXP, THREE, SQRT, DIVIDE, PLUS
723	log π^2	6	7	7	64.0	x, THREE, ARCSINH, COSH, POWER = PI	THREE, ARCSINH, COSH, LOG, PI, LOG, DIVIDE
725	One	2	1	1	64.0	x = ONE	ONE
739	6*arcsec(sqrt(3))/Pi^(3/2), an extreme value constant	11	10		64.0	TWO, INV, ARCSIN, x, TIMES = PI, SQRT, TWO, SQRT, ARCTAN, DIVIDE	TWO, INV, ARCSIN, PI, SQRT, TWO, SQRT, ARCTAN, DIVIDE, DIVIDE
740	e^pi/pi^e	7	6	6	64.0	x = EULER, PI, POWER, PI, EXP, DIVIDE	EULER, PI, POWER, PI, EXP, DIVIDE
745	secant of 15 degrees (cosecant of 75 degrees)	6	5	5	63.6	TWO, SQRT, x, PLUS = SIX, SQRT	TWO, SQRT, SIX, SQRT, SUBTRACT
747	Landau-Kolmogorov constant C(3,1) for derivatives in the case L_infinity(-infinity, infinity)	6	6	6	64.0	THREE, x, POWER = EIGHT, NINE, DIVIDE	THREE, INV, EIGHT, NINE, DIVIDE, POWER
748	log10(11)	8	9		63.5	x, NEG, NINE, SUBTRACT, POWER = TWO, NINE, PLUS	NEG, NINE, SUBTRACT, LOG, TWO, NINE, PLUS, LOG, DIVIDE
750	Landau-Kolmogorov constant C(5,1) for derivatives in the case L_infinity(infinity, infinity)	10	10		63.7	FIVE, x, POWER, SIX, TIMES = NINE, TWO, LOG, COSH, POWER	FIVE, INV, SIX, NINE, TWO, LOG, COSH, POWER, DIVIDE, POWER
752	third pi	4	3	3	64.0	x = TWO, INV, ARCCOS	TWO, INV, ARCCOS
756	1/2+2/sqrt(13), a constant related to the asymptotic evaluation of the number of self-avoiding rook paths joining opposi	9	8	8	63.5	TWO, INV, x, SUBTRACT = TWO, THREE, DIVIDE, ARCTAN, COS	TWO, INV, TWO, THREE, DIVIDE, ARCTAN, COS, PLUS
758	Twelfth root of 2	5	5	5	63.4	SIX, x, POWER = TWO, SQRT	SIX, INV, TWO, SQRT, POWER
759	(3/4)*sqrt(2)	5	4	4	63.3	x = TWO, SQRT, LOG, COSH	TWO, SQRT, LOG, COSH
760	I, a constant appearing (as I^2) in the asymptotic variance of the area of the convex hull of random points in the unit 	9	8	8	63.5	TWO, SQRT, x, TIMES = TWO, LOG, SINH, GAMMA, SQR	TWO, SQRT, TWO, LOG, SINH, GAMMA, SQR, DIVIDE
767	Landau-Kolmogorov constant C(4,1) for derivatives in the case L_infinity(infinity, infinity)	9	8	8	63.4	x, EIGHT, DIVIDE = SIX, GAMMA, SQRT, FIVE, TIMES, SQRT	SIX, GAMMA, SQRT, FIVE, TIMES, SQRT, EIGHT, DIVIDE
769	zeta(4) = pi^4/90	9	8	8	63.4	EIGHT, x, DIVIDE = SEVEN, GAMMA, PI, SQR, SQR, DIVIDE	EIGHT, SEVEN, GAMMA, PI, SQR, SQR, DIVIDE, TIMES
772	1/Gamma(7/4)	6	5	5	63.7	x = FOUR, SEVEN, DIVIDE, GAMMA, INV	FOUR, SEVEN, DIVIDE, GAMMA, INV
773	Pi*log(2)/2	6	5	5	63.4	x = PI, TWO, POWER, SQRT, LOG	PI, TWO, POWER, SQRT, LOG
777	Gamma(1/4)^4/(16*Pi^2)	10	9		63.6	x, SQRT, PI, TIMES, SQRT = TWO, FOUR, INV, GAMMA, DIVIDE	PI, TWO, FOUR, INV, GAMMA, DIVIDE, SQR, DIVIDE, SQR
778	square root of 6/5	5	4	4	63.4	x = FIVE, SIX, DIVIDE, SQRT	FIVE, SIX, DIVIDE, SQRT
779	a 5-dimensional analog of DeVicci's tesseract constant	6	5	5	63.4	THREE, SQRT, x, PLUS = EIGHT, SQRT	THREE, SQRT, EIGHT, SQRT, SUBTRACT
781	ln(3)	3	2	2	63.5	x = THREE, LOG	THREE, LOG
784	log 4π	8	9		63.8	x, NEG, NINE, SUBTRACT, POWER = PI, FOUR, TIMES	NEG, NINE, SUBTRACT, LOG, PI, FOUR, TIMES, LOG, DIVIDE
786	1/Gamma(5/4)	6	5	5	63.4	x = TWO, LOG, COSH, GAMMA, INV	TWO, LOG, COSH, GAMMA, INV
788	sqrt(8/Pi)*log(2), a constant related to the asymptotic evaluation of the minimum number of one-dimensional random walks	7	6	6	64.0	x = ONE, ARCSIN, SQRT, FOUR, LOG, DIVIDE	ONE, ARCSIN, SQRT, FOUR, LOG, DIVIDE
790	1/Gamma(5/3)	6	5	5	64.0	x = THREE, LOG, COSH, GAMMA, INV	THREE, LOG, COSH, GAMMA, INV
791	Pi/(2*sqrt(2))	5	4	4	63.6	x = EIGHT, SQRT, PI, DIVIDE	EIGHT, SQRT, PI, DIVIDE
793	log10(13)	8	9		64.0	x, NEG, NINE, SUBTRACT, POWER = FOUR, NINE, PLUS	NEG, NINE, SUBTRACT, LOG, FOUR, NINE, PLUS, LOG, DIVIDE
795	Landau-Kolmogorov constant C(5,2) for derivatives in the case L_infinity(infinity, infinity)	10	10		63.5	FIVE, FIVE, x, DIVIDE, POWER = SIX, GAMMA, SQR, EIGHT, DIVIDE	FIVE, FIVE, INV, SIX, GAMMA, SQR, EIGHT, DIVIDE, POWER, TIMES
798	Steinitz constant of the Euclidean plane	4	3	3	63.6	x = GOLDENRATIO, LOG, COSH	GOLDENRATIO, LOG, COSH
799	Landau-Kolmogorov constant C(5,3) for derivatives in the case L_infinity(infinity, infinity)	9	9		63.9	FIVE, x, POWER = TWO, FOUR, LOG, SINH, SQR, DIVIDE	FIVE, INV, TWO, FOUR, LOG, SINH, SQR, DIVIDE, POWER
800	1/Gamma(4/3)	6	5	5	63.6	x = THREE, LOG, SINH, GAMMA, INV	THREE, LOG, SINH, GAMMA, INV
803	2/sqrt(pi)	5	4	4	63.4	x = ONE, ARCTAN, INV, SQRT	ONE, ARCTAN, INV, SQRT
809	ln(pi)	3	2	2	63.4	x = PI, LOG	PI, LOG
810	1/sqrt(tanh(1))	5	4	4	63.5	x = ONE, TANH, INV, SQRT	ONE, TANH, INV, SQRT
813	Second Hermite constant	5	4	4	64.0	x = TWO, INV, ARCTANH, COSH	TWO, INV, ARCTANH, COSH
822	(5 + 3*sqrt(5))/10	6	5	5	63.5	x = TWO, ARCTAN, COS, GOLDENRATIO, SUBTRACT	TWO, ARCTAN, COS, GOLDENRATIO, SUBTRACT
823	sinh one	3	2	2	64.0	x = ONE, SINH	ONE, SINH
825	root ln four	4	3	3	63.4	x = FOUR, LOG, SQRT	FOUR, LOG, SQRT
827	Lévy's constant	7	6	6	63.5	x = EIGHT, LOG, NEG, ARCSIN, SQR, DIVIDE	EIGHT, LOG, NEG, ARCSIN, SQR, DIVIDE
829	2^(1/4)	4	3	3	63.6	x = TWO, SQRT, SQRT	TWO, SQRT, SQRT
831	arithmetic-geometric mean constant	10	9		64.0	ONE, ARCSIN, SQRT, x, TIMES = TWO, LOG, SINH, GAMMA, SQR	ONE, ARCSIN, SQRT, TWO, LOG, SINH, GAMMA, SQR, DIVIDE
834	sqrt(e^(1/e)) = 1.20194336847031	5	4	4	63.9	x = EULER, INV, EXP, SQRT	EULER, INV, EXP, SQRT
838	2/sqrt(e), a constant appearing in the expression of the asymptotic expected volume V(d) of the convex hull of randomly 	5	4	4	63.4	x = EULER, FOUR, DIVIDE, SQRT	EULER, FOUR, DIVIDE, SQRT
839	12/Pi^2	6	5	5	63.7	x = NEG, ARCSIN, SQR, THREE, DIVIDE	NEG, ARCSIN, SQR, THREE, DIVIDE
842	Gamma(3/4)	5	4	4	63.6	x = TWO, LOG, SINH, GAMMA	TWO, LOG, SINH, GAMMA
844	log10(17)	8	9		63.6	x, THREE, ARCSINH, COSH, POWER = FOUR, ARCSINH, COSH	THREE, ARCSINH, COSH, LOG, FOUR, ARCSINH, COSH, LOG, DIVIDE
845	Second Favard constant	5	4	4	64.0	x = EIGHT, PI, SQR, DIVIDE	EIGHT, PI, SQR, DIVIDE
849	root half pi	4	3	3	63.9	x, SQR = ONE, ARCSIN	ONE, ARCSIN, SQRT
851	Cube root of 2	4	4	4	63.9	THREE, x, POWER = TWO	THREE, INV, TWO, POWER
854	fractal dimension of Koch snowflake	4	5	5	63.6	x, THREE, POWER = FOUR	THREE, LOG, FOUR, LOG, DIVIDE
858	Ramanujan-Forsyth series constant	4	3	3	63.4	x = ONE, ARCTAN, INV	ONE, ARCTAN, INV
859	log10(19)	9	10		63.6	x, NEG, NINE, SUBTRACT, POWER = FOUR, SQR, THREE, PLUS	NEG, NINE, SUBTRACT, LOG, FOUR, SQR, THREE, PLUS, LOG, DIVIDE
862	ln(Gamma(1/4))	5	4	4	63.4	x = FOUR, INV, GAMMA, LOG	FOUR, INV, GAMMA, LOG
873	first lemniscate constant	11	10		64.0	ONE, ARCSIN, SQRT, x, TIMES = EIGHT, FOUR, INV, GAMMA, SQR, DIVIDE	ONE, ARCSIN, SQRT, EIGHT, FOUR, INV, GAMMA, SQR, DIVIDE, DIVIDE
875	3^(1/4)	4	3	3	63.5	x = THREE, SQRT, SQRT	THREE, SQRT, SQRT
878	pi^(1/4)	4	3	3	64.0	x = PI, SQRT, SQRT	PI, SQRT, SQRT
891	Gamma(2/3)	5	4	4	64.0	x = THREE, TWO, DIVIDE, GAMMA	THREE, TWO, DIVIDE, GAMMA
892	golden spiral constant	5	5	5	63.7	PI, x, POWER = GOLDENRATIO, SQR	PI, INV, GOLDENRATIO, SQR, POWER
893	Pippenger product constant	4	3	3	64.0	x = TWO, EULER, DIVIDE	TWO, EULER, DIVIDE
894	log10(23)	9	10		63.5	x, NEG, NINE, SUBTRACT, POWER = FOUR, SQR, SEVEN, PLUS	NEG, NINE, SUBTRACT, LOG, FOUR, SQR, SEVEN, PLUS, LOG, DIVIDE
895	log e^π	7	6	6	64.0	x, PI, DIVIDE, EXP = NEG, NINE, SUBTRACT	NEG, NINE, SUBTRACT, LOG, PI, DIVIDE
900	arccosh(8)/2 = ln((3 + sqrt 7)/sqrt 2)	5	4	4	63.7	x = TWO, EIGHT, ARCCOSH, DIVIDE	TWO, EIGHT, ARCCOSH, DIVIDE
901	ln(4)	3	2	2	64.0	x = FOUR, LOG	FOUR, LOG
903	Gamma(1/4)^4/(4*Pi^3)	9	8	8	64.0	x, PI, DIVIDE = FOUR, TWO, LOG, SINH, GAMMA, POWER	FOUR, TWO, LOG, SINH, GAMMA, POWER, PI, DIVIDE
905	e^(1/3)	4	3	3	64.0	x = THREE, INV, EXP	THREE, INV, EXP
908	L = Integral_{t=0..1} 1/(1-2t^2/3) dt, an auxiliary constant associated with one of the integral inequalities studied by	8	7	7	63.7	SIX, SQRT, x, DIVIDE = FOUR, FIVE, ARCCOSH, DIVIDE	SIX, SQRT, FOUR, FIVE, ARCCOSH, DIVIDE, TIMES
911	Pythagoras constant	3	2	2	64.0	x = TWO, SQRT	TWO, SQRT
916	exp(sqrt(Pi/24))	7	6	6	63.7	x = TWO, INV, ARCSIN, SQRT, EXP, SQRT	TWO, INV, ARCSIN, SQRT, EXP, SQRT
917	first Lebesgue constant	9	8	8	64.0	x, THREE, INV, SUBTRACT = NEG, ARCSIN, THREE, SQRT, DIVIDE	NEG, ARCSIN, THREE, SQRT, DIVIDE, THREE, INV, SUBTRACT
918	Cube root of 3	4	4	4	63.5	THREE, x, POWER = THREE	THREE, INV, THREE, POWER
919	log2(e)	4	3	3	64.0	x = TWO, LOG, INV	TWO, LOG, INV
920	Steiner number	4	3	3	63.7	x = EULER, INV, EXP	EULER, INV, EXP
926	1 - ln(1 - 1/e) (random mappings)	7	6	6	63.8	x = EULER, NEG, PLUS, LOG, TWO, SUBTRACT	EULER, NEG, PLUS, LOG, TWO, SUBTRACT
928	Baxter's four-coloring constant	10	9		63.5	x, THREE, INV, GAMMA, DIVIDE = THREE, TWO, DIVIDE, GAMMA, SQR	THREE, TWO, DIVIDE, GAMMA, SQR, THREE, INV, GAMMA, DIVIDE
930	log10(29)	9	10		63.6	x, NEG, NINE, SUBTRACT, POWER = FIVE, GAMMA, FIVE, PLUS	NEG, NINE, SUBTRACT, LOG, FIVE, GAMMA, FIVE, PLUS, LOG, DIVIDE
931	cbrt pi	4	4	4	64.0	THREE, x, POWER = PI	THREE, INV, PI, POWER
937	Landau-Kolmogorov constant C(4,3) for derivatives in the case L_infinity(infinity, infinity)	7	6	6	63.9	x = FIVE, INV, FIVE, SUBTRACT, SQRT, SQRT	FIVE, INV, FIVE, SUBTRACT, SQRT, SQRT
941	log10(31)	9	10		64.0	x, NEG, NINE, SUBTRACT, POWER = FIVE, GAMMA, SEVEN, PLUS	NEG, NINE, SUBTRACT, LOG, FIVE, GAMMA, SEVEN, PLUS, LOG, DIVIDE
942	Landau-Kolmogorov constant C(5,4) for derivatives in the case L_infinity(-infinity, infinity)	7	7	7	63.5	FIVE, x, POWER = TWO, INV, SEVEN, PLUS	FIVE, INV, TWO, INV, SEVEN, PLUS, POWER
950	equianharmonic Weierstrass elliptic ω_2 constant	10	9		64.0	x, PI, TIMES, FOUR, TIMES = THREE, THREE, INV, GAMMA, POWER	PI, FOUR, THREE, THREE, INV, GAMMA, POWER, DIVIDE, DIVIDE
953	Lieb's square ice constant	7	6	6	63.7	x = THREE, THREE, POWER, SQRT, EIGHT, DIVIDE	THREE, THREE, POWER, SQRT, EIGHT, DIVIDE
955	cosh one	3	2	2	63.7	x = NEG, COSH	NEG, COSH
960	sqrt(sqrt(2) + 1)	5	4	4	63.7	x = ONE, ARCSINH, EXP, SQRT	ONE, ARCSINH, EXP, SQRT
962	triangular root of two	7	6	6	63.5	x = FOUR, INV, ARCSINH, EXP, TWO, DIVIDE	FOUR, INV, ARCSINH, EXP, TWO, DIVIDE
963	log10(37)	8	9		63.9	x, THREE, ARCSINH, COSH, POWER = SIX, ARCSINH, COSH	THREE, ARCSINH, COSH, LOG, SIX, ARCSINH, COSH, LOG, DIVIDE
965	Favard constant	3	2	2	64.0	x = ONE, ARCSIN	ONE, ARCSIN
966	10^(1/5)	6	6	6	63.7	FIVE, x, POWER = NEG, NINE, SUBTRACT	FIVE, INV, NEG, NINE, SUBTRACT, POWER
967	Sierpiński triangle fractal dimension	4	5	5	63.5	x, TWO, POWER = THREE	TWO, LOG, THREE, LOG, DIVIDE
969	ln(5)	3	2	2	63.5	x = FIVE, LOG	FIVE, LOG
971	Cbrt[4π/3]	6	8	8	63.6	THREE, x, POWER, TAN = THREE, SQRT	THREE, INV, PI, THREE, SQRT, ARCTAN, PLUS, POWER
972	log10(41)	9	10		64.0	x, NEG, NINE, SUBTRACT, POWER = SIX, SQR, FIVE, PLUS	NEG, NINE, SUBTRACT, LOG, SIX, SQR, FIVE, PLUS, LOG, DIVIDE
975	Golden ratio	2	1	1	63.7	x = GOLDENRATIO	GOLDENRATIO
978	log10(43)	9	10		64.0	x, NEG, NINE, SUBTRACT, POWER = SIX, SQR, SEVEN, PLUS	NEG, NINE, SUBTRACT, LOG, SIX, SQR, SEVEN, PLUS, LOG, DIVIDE
981	Riemann ζ of 2	5	4	4	63.6	x = SIX, PI, SQR, DIVIDE	SIX, PI, SQR, DIVIDE
983	square root of e	3	2	2	63.7	x = EULER, SQRT	EULER, SQRT
984	minimum value of the function s(t) = (Pi + 2*sqrt(1 + t^2))/(1 + Pi/2 + t) for t > 0	11	10		63.8	TWO, x, DIVIDE, ARCTANH, EXP = PI, TWO, PLUS, SQRT, ONE, PLUS	TWO, PI, TWO, PLUS, SQRT, ONE, PLUS, LOG, TANH, TIMES
986	Hermite's constant gamma_6 = 2/3^(1/6)	6	6	6	63.6	SIX, x, TWO, DIVIDE, POWER = THREE	SIX, INV, THREE, POWER, TWO, DIVIDE
987	log10(47)	9	10		63.8	x, NEG, NINE, SUBTRACT, POWER = TWO, SEVEN, SQR, SUBTRACT	NEG, NINE, SUBTRACT, LOG, TWO, SEVEN, SQR, SUBTRACT, LOG, DIVIDE
994	Pi^2/(12*log(phi))	7	6	6	63.6	TWO, ARCSINH, x, TIMES = NEG, ARCSIN, SQR	TWO, ARCSINH, NEG, ARCSIN, SQR, DIVIDE
995	log10(53)	9	10		63.9	x, NEG, NINE, SUBTRACT, POWER = SEVEN, SQR, FOUR, PLUS	NEG, NINE, SUBTRACT, LOG, SEVEN, SQR, FOUR, PLUS, LOG, DIVIDE
997	Theodorus constant	3	2	2	63.6	x = THREE, SQRT	THREE, SQRT
1000	sqrt(2*Pi)*log(2), a constant associated with asymptotic evaluation of random mapping statistics	7	6	6	64.0	x = ONE, ARCSIN, SQRT, FOUR, POWER, LOG	ONE, ARCSIN, SQRT, FOUR, POWER, LOG
1005	continued fraction expansion [1; 1/2, 1/3, 1/4, 1/5, 1/6, ...]	5	4	4	64.0	x, INV = NEG, COS, ARCSIN	NEG, COS, ARCSIN, INV
1008	log 180/π	11	12		64.0	x, THREE, ARCTAN, COS, POWER = SIX, FIVE, PI, DIVIDE, SQRT, DIVIDE	THREE, ARCTAN, COS, LOG, SIX, FIVE, PI, DIVIDE, SQRT, DIVIDE, LOG, DIVIDE
1012	log10(59)	9	10		63.8	x, NEG, NINE, SUBTRACT, POWER = FIVE, EIGHT, SQR, SUBTRACT	NEG, NINE, SUBTRACT, LOG, FIVE, EIGHT, SQR, SUBTRACT, LOG, DIVIDE
1014	Carlson-Levin constant	3	2	2	64.0	x = PI, SQRT	PI, SQRT
1016	10^(1/4)	5	4	4	63.9	x = THREE, ARCSINH, COSH, SQRT	THREE, ARCSINH, COSH, SQRT
1019	conjectured upper bound on Grothendieck's constant	5	4	4	64.0	x = THREE, ARCCOSH, PI, DIVIDE	THREE, ARCCOSH, PI, DIVIDE
1020	log10(61)	9	10		63.7	x, NEG, NINE, SUBTRACT, POWER = THREE, EIGHT, SQR, SUBTRACT	NEG, NINE, SUBTRACT, LOG, THREE, EIGHT, SQR, SUBTRACT, LOG, DIVIDE
1024	ln(6)	3	2	2	64.0	x = SIX, LOG	SIX, LOG
1026	Hermite's constant gamma_7 = 2^(6/7)	5	5	5	63.9	SEVEN, x, POWER = EIGHT, SQR	SEVEN, INV, EIGHT, SQR, POWER
1028	sqrt((3+sqrt(13))/2), a constant related to the asymptotic evaluation of the number of self-avoiding rook paths joining 	7	6	6	64.0	x, SQR, LOG, SINH = TWO, THREE, DIVIDE	TWO, THREE, DIVIDE, ARCSINH, EXP, SQRT
1030	log10(67)	9	10		63.6	x, NEG, NINE, SUBTRACT, POWER = EIGHT, SQR, THREE, PLUS	NEG, NINE, SUBTRACT, LOG, EIGHT, SQR, THREE, PLUS, LOG, DIVIDE
1032	ln(2 pi)	5	4	4	64.0	x, EXP = PI, PI, PLUS	PI, PI, PLUS, LOG
1036	Connective constant	6	5	5	63.6	x = TWO, SQRT, TWO, PLUS, SQRT	TWO, SQRT, TWO, PLUS, SQRT
1037	log10(71)	9	10		64.0	x, NEG, NINE, SUBTRACT, POWER = EIGHT, SQR, SEVEN, PLUS	NEG, NINE, SUBTRACT, LOG, EIGHT, SQR, SEVEN, PLUS, LOG, DIVIDE
1039	Gauss lemniscate constant	10	9		64.0	PI, SQRT, x, TIMES = TWO, FOUR, INV, GAMMA, DIVIDE, SQR	PI, SQRT, TWO, FOUR, INV, GAMMA, DIVIDE, SQR, DIVIDE
1041	log10(73)	9	10		63.6	x, NEG, NINE, SUBTRACT, POWER = EIGHT, SQR, NINE, PLUS	NEG, NINE, SUBTRACT, LOG, EIGHT, SQR, NINE, PLUS, LOG, DIVIDE
1043	log10(79)	9	10		63.8	x, NEG, NINE, SUBTRACT, POWER = TWO, NINE, SQR, SUBTRACT	NEG, NINE, SUBTRACT, LOG, TWO, NINE, SQR, SUBTRACT, LOG, DIVIDE
1047	6/π	4	3	3	63.8	x = PI, SIX, DIVIDE	PI, SIX, DIVIDE
1048	tetrahedral bond angle	4	7	4	63.7	x, TAN, SQR = EIGHT	PI, NEG, EIGHT, SQRT, TIMES, ARCTAN, PLUS
1049	log10(83)	9	10		63.6	x, NEG, NINE, SUBTRACT, POWER = NINE, SQR, TWO, PLUS	NEG, NINE, SUBTRACT, LOG, NINE, SQR, TWO, PLUS, LOG, DIVIDE
1055	ln(7)	3	2	2	64.0	x = SEVEN, LOG	SEVEN, LOG
1057	log10(89)	9	10		64.0	x, NEG, NINE, SUBTRACT, POWER = NINE, SQR, EIGHT, PLUS	NEG, NINE, SUBTRACT, LOG, NINE, SQR, EIGHT, PLUS, LOG, DIVIDE
1066	log10(97)	10	11		64.0	x, NEG, NINE, SUBTRACT, POWER = FOUR, SQR, NINE, SQR, PLUS	NEG, NINE, SUBTRACT, LOG, FOUR, SQR, NINE, SQR, PLUS, LOG, DIVIDE
1069	Two	2	1	1	64.0	x = TWO	TWO
1080	one div ln phi	4	3	3	64.0	x, INV = GOLDENRATIO, LOG	GOLDENRATIO, LOG, INV
1081	ln(8)	3	2	2	63.6	x = EIGHT, LOG	EIGHT, LOG
1082	two thirds pi	4	7	4	64.0	x, TAN, SQR = THREE	PI, NEG, THREE, SQRT, TIMES, ARCTAN, PLUS
1089	pi^(2/3)	5	5	5	63.7	THREE, x, POWER = PI, SQR	THREE, INV, PI, SQR, POWER
1090	10^(1/3)	6	6	6	63.8	THREE, x, POWER = NEG, NINE, SUBTRACT	THREE, INV, NEG, NINE, SUBTRACT, POWER
1097	e^(pi/4)	4	3	3	63.8	x = ONE, ARCTAN, EXP	ONE, ARCTAN, EXP
1098	ln(9)	3	2	2	63.9	x = NINE, LOG	NINE, LOG
1101	Pi/2 + 2/Pi	6	5	5	63.8	x = NEG, ARCSIN, INV, SIN, ARCCOS	NEG, ARCSIN, INV, SIN, ARCCOS
1102	pi(2)^(-1/2)	5	4	4	63.7	x = TWO, SQRT, PI, DIVIDE	TWO, SQRT, PI, DIVIDE
1105	Sqrt 5	3	2	2	63.7	x = FIVE, SQRT	FIVE, SQRT
1113	Universal parabolic constant	6	5	5	63.8	x = NEG, ARCSINH, TWO, SQRT, SUBTRACT	NEG, ARCSINH, TWO, SQRT, SUBTRACT
1115	logarithm of 10	5	4	4	64.0	x = NEG, NINE, SUBTRACT, LOG	NEG, NINE, SUBTRACT, LOG
1121	three quarters pi	3	4	4	64.0	x, TAN = NEG	PI, NEG, ARCTAN, PLUS
1123	pi^(3/4)	6	5	5	63.8	x = THREE, PI, POWER, SQRT, SQRT	THREE, PI, POWER, SQRT, SQRT
1124	Pi^2/(6*log 2)	7	6	6	63.9	x = EIGHT, SQR, LOG, PI, SQR, DIVIDE	EIGHT, SQR, LOG, PI, SQR, DIVIDE
1125	c = (7-sqrt(5))/2	4	3	3	63.9	x = GOLDENRATIO, FOUR, SUBTRACT	GOLDENRATIO, FOUR, SUBTRACT
1126	ln(11)	5	4	4	64.0	x = TWO, NINE, PLUS, LOG	TWO, NINE, PLUS, LOG
1129	Golden angle	7	6	6	64.0	PI, x, DIVIDE = GOLDENRATIO, SQR, TWO, DIVIDE	PI, GOLDENRATIO, SQR, TWO, DIVIDE, TIMES
1133	Silver ratio	4	3	3	64.0	x = ONE, ARCSINH, EXP	ONE, ARCSINH, EXP
1135	prod_{n>=1} (1 + 1/n^3) = cosh(sqrt(3) pi/2)/pi	9	8	8	63.9	x, PI, TIMES, ARCCOSH = ONE, ARCSIN, THREE, SQRT, TIMES	PI, ONE, ARCSIN, THREE, SQRT, TIMES, COSH, DIVIDE
1141	root two pi	5	4	4	63.9	x, SQR = PI, PI, PLUS	PI, PI, PLUS, SQRT
1142	100^(1/5)	7	7	7	64.0	FIVE, x, POWER = NEG, NINE, SUBTRACT, SQR	FIVE, INV, NEG, NINE, SUBTRACT, SQR, POWER
1148	ln(13)	5	4	4	63.9	x = FOUR, NINE, PLUS, LOG	FOUR, NINE, PLUS, LOG
1152	twenty-vertex entropy constant	6	5	5	64.0	x = FOUR, INV, SEVEN, SUBTRACT, SQRT	FOUR, INV, SEVEN, SUBTRACT, SQRT
1153	golden root	3	2	2	63.9	x = GOLDENRATIO, SQR	GOLDENRATIO, SQR
1154	Lemniscate constant	11	10		64.0	ONE, ARCSIN, SQRT, x, TIMES = TWO, FOUR, INV, GAMMA, DIVIDE, SQR	ONE, ARCSIN, SQRT, TWO, FOUR, INV, GAMMA, DIVIDE, SQR, DIVIDE
1157	sqrt(2) + sqrt(3/2)	7	6	6	63.8	x = TWO, SEVEN, ARCCOSH, EXP, DIVIDE, SQRT	TWO, SEVEN, ARCCOSH, EXP, DIVIDE, SQRT
1158	sqrt(7)	3	2	2	64.0	x = SEVEN, SQRT	SEVEN, SQRT
1159	Gelfond-Schneider constant	5	4	4	63.9	x = TWO, SQRT, TWO, POWER	TWO, SQRT, TWO, POWER
1160	Gamma(1/3)	4	3	3	63.8	x = THREE, INV, GAMMA	THREE, INV, GAMMA
1164	Euler number	2	1	1	64.0	x = EULER	EULER
1165	pi sqrt(3)/2	6	5	5	64.0	x = TWO, ARCCOSH, TANH, PI, TIMES	TWO, ARCCOSH, TANH, PI, TIMES
1166	log e^(2π)	7	6	6	64.0	x, PI, DIVIDE, EXP, ARCCOSH = THREE, ARCSINH	THREE, ARCSINH, COSH, LOG, PI, DIVIDE
1168	Ramanujan nested radical constant	11	10		64.0	FIVE, x, TWO, TIMES, SUBTRACT = THREE, FIVE, SQRT, SUBTRACT, ARCSINH, EXP	TWO, FIVE, THREE, FIVE, SQRT, SUBTRACT, ARCSINH, EXP, PLUS, DIVIDE
1170	C_{1/2}, a constant related to Kolmogorov's inequalities	11	10		64.0	x, ONE, ARCSIN, DIVIDE, SQRT = FOUR, INV, GAMMA, PI, DIVIDE, SQR	FOUR, INV, GAMMA, PI, DIVIDE, SQR, SQR, ONE, ARCSIN, DIVIDE
1176	ln(17)	5	4	4	64.0	x = EIGHT, NINE, PLUS, LOG	EIGHT, NINE, PLUS, LOG
1180	(diagonal)/(shortest side) of 2nd electrum rectangle	7	6	6	63.8	x, ARCCOSH = THREE, SQRT, ONE, PLUS, ARCSINH	THREE, SQRT, ONE, PLUS, ARCSINH, COSH
1182	ln(19)	6	5	5	63.9	x = FOUR, SQR, THREE, PLUS, LOG	FOUR, SQR, THREE, PLUS, LOG
1187	Landau-Kolmogorov constant C(3,1) for derivatives in the case L_infinity(0, infinity)	7	7	7	64.0	THREE, x, NINE, DIVIDE, POWER = FIVE, GAMMA	THREE, INV, FIVE, GAMMA, POWER, NINE, DIVIDE
1188	sqrt(480)/7	8	7	7	64.0	x, INV = FOUR, LOG, SINH, SQRT, LOG, SINH	FOUR, LOG, SINH, SQRT, LOG, SINH, INV
1189	ln(23)	6	5	5	63.8	x = FOUR, SQR, SEVEN, PLUS, LOG	FOUR, SQR, SEVEN, PLUS, LOG
1191	Pi	2	1	1	64.0	x = PI	PI
1193	10^(1/2)	4	3	3	64.0	x = THREE, ARCSINH, COSH	THREE, ARCSINH, COSH
1197	1 + sqrt(5)	4	3	3	63.9	x = GOLDENRATIO, GOLDENRATIO, PLUS	GOLDENRATIO, GOLDENRATIO, PLUS
1198	Pálfy's constant c_3	10	12		64.0	THREE, x, NINE, POWER, POWER = FIVE, EIGHT, NINE, TIMES, POWER	NINE, LOG, THREE, INV, FIVE, EIGHT, NINE, TIMES, POWER, POWER, LOG, DIVIDE
1200	silver root	8	7	7	64.0	x, SQRT = SEVEN, PI, DIVIDE, COS, TWO, TIMES	SEVEN, PI, DIVIDE, COS, TWO, TIMES, SQR
1201	Lévy's constant 2	8	7	7	64.0	x, LOG = EIGHT, LOG, NEG, ARCSIN, SQR, DIVIDE	EIGHT, LOG, NEG, ARCSIN, SQR, DIVIDE, EXP
1204	sqrt(11)	5	4	4	64.0	x = TWO, NINE, PLUS, SQRT	TWO, NINE, PLUS, SQRT
1208	ln(29)	6	5	5	64.0	x = FIVE, GAMMA, FIVE, PLUS, LOG	FIVE, GAMMA, FIVE, PLUS, LOG
1210	meander critical exponent	11	10		64.0	x, TWO, DIVIDE, ONE, SUBTRACT = FIVE, INV, SIX, SUBTRACT, INV, SQRT	FIVE, INV, SIX, SUBTRACT, INV, SQRT, ONE, SUBTRACT, TWO, DIVIDE
1211	ln(31)	6	5	5	63.9	x = FIVE, GAMMA, SEVEN, PLUS, LOG	FIVE, GAMMA, SEVEN, PLUS, LOG
1213	1 + sqrt(6)	5	4	4	64.0	x = SIX, SQRT, ONE, PLUS	SIX, SQRT, ONE, PLUS
1216	square root of 12	5	4	4	64.0	x = TWO, SIX, TIMES, SQRT	TWO, SIX, TIMES, SQRT
1222	sqrt(13)	5	4	4	64.0	x = FOUR, NINE, PLUS, SQRT	FOUR, NINE, PLUS, SQRT
1224	ln(37)	6	5	5	64.0	x = SIX, SQR, ONE, PLUS, LOG	SIX, SQR, ONE, PLUS, LOG
1225	2 + phi, with the golden section phi from A001622	4	3	3	64.0	x = GOLDENRATIO, TWO, PLUS	GOLDENRATIO, TWO, PLUS
1226	Gamma(1/4)	4	3	3	63.9	x = FOUR, INV, GAMMA	FOUR, INV, GAMMA
1228	(65 + 9*sqrt(3))/22	9	8	8	64.0	x, FIVE, SUBTRACT = THREE, SQRT, FIVE, PLUS, NINE, DIVIDE	THREE, SQRT, FIVE, PLUS, NINE, DIVIDE, FIVE, SUBTRACT
1230	ln(41)	6	5	5	64.0	x = SIX, SQR, FIVE, PLUS, LOG	SIX, SQR, FIVE, PLUS, LOG
1231	ln(43)	6	5	5	64.0	x = SIX, SQR, SEVEN, PLUS, LOG	SIX, SQR, SEVEN, PLUS, LOG
1232	ln(47)	6	5	5	64.0	x = TWO, SEVEN, SQR, SUBTRACT, LOG	TWO, SEVEN, SQR, SUBTRACT, LOG
1236	ln(53)	6	5	5	64.0	x = SEVEN, SQR, FOUR, PLUS, LOG	SEVEN, SQR, FOUR, PLUS, LOG
1237	1000^(1/5)	8	8	7	64.0	FIVE, x, POWER = THREE, FIVE, POWER, EIGHT, TIMES	FIVE, INV, THREE, FIVE, POWER, EIGHT, TIMES, POWER
1239	ln(59)	6	5	5	64.0	x = FIVE, EIGHT, SQR, SUBTRACT, LOG	FIVE, EIGHT, SQR, SUBTRACT, LOG
1240	ln(61)	6	5	5	64.0	x = THREE, EIGHT, SQR, SUBTRACT, LOG	THREE, EIGHT, SQR, SUBTRACT, LOG
1241	sqrt(17)	4	3	3	64.0	x = FOUR, ARCSINH, COSH	FOUR, ARCSINH, COSH
1242	sqrt(2*Pi*e)	7	6	6	64.0	x = PI, PI, PLUS, EULER, TIMES, SQRT	PI, PI, PLUS, EULER, TIMES, SQRT
1244	four thirds pi	4	5	5	64.0	x, TAN = THREE, SQRT	PI, THREE, SQRT, ARCTAN, PLUS
1245	ln(67)	6	5	5	64.0	x = EIGHT, SQR, THREE, PLUS, LOG	EIGHT, SQR, THREE, PLUS, LOG
1246	(4*sqrt(2)*Pi^2)/gamma(1/4)^2	9	8	8	64.0	EIGHT, SQRT, x, DIVIDE = TWO, LOG, SINH, GAMMA, SQR	EIGHT, SQRT, TWO, LOG, SINH, GAMMA, SQR, TIMES
1247	ln(71)	6	5	5	64.0	x = EIGHT, SQR, SEVEN, PLUS, LOG	EIGHT, SQR, SEVEN, PLUS, LOG
1248	Pi*e/2	5	4	4	64.0	x = ONE, ARCSIN, EULER, TIMES	ONE, ARCSIN, EULER, TIMES
1249	ln(73)	6	5	5	64.0	x = EIGHT, SQR, NINE, PLUS, LOG	EIGHT, SQR, NINE, PLUS, LOG
1251	Korn constant	7	6	6	64.0	x = SEVEN, INV, TWO, SUBTRACT, EIGHT, DIVIDE	SEVEN, INV, TWO, SUBTRACT, EIGHT, DIVIDE
1253	sqrt(19)	6	5	5	64.0	x = FOUR, SQR, THREE, PLUS, SQRT	FOUR, SQR, THREE, PLUS, SQRT
1254	ln(79)	6	5	5	64.0	x = TWO, NINE, SQR, SUBTRACT, LOG	TWO, NINE, SQR, SUBTRACT, LOG
1255	Hayman constant	9	8	8	64.0	x, SQRT, PI, DIVIDE, SQRT = TWO, LOG, SINH, GAMMA	TWO, LOG, SINH, GAMMA, SQR, PI, DIVIDE, SQR
1256	ln(83)	6	5	5	64.0	x = NINE, SQR, TWO, PLUS, LOG	NINE, SQR, TWO, PLUS, LOG
1257	pi(2)^(1/2)	5	4	4	64.0	x = TWO, SQRT, PI, TIMES	TWO, SQRT, PI, TIMES
1258	ln(89)	6	5	5	64.0	x = NINE, SQR, EIGHT, PLUS, LOG	NINE, SQR, EIGHT, PLUS, LOG
1260	Van der Pauw constant	5	4	4	64.0	x = TWO, LOG, PI, DIVIDE	TWO, LOG, PI, DIVIDE
1262	ln(97)	7	6	6	64.0	x = TWO, ARCCOSH, FOUR, TIMES, COSH, LOG	TWO, ARCCOSH, FOUR, TIMES, COSH, LOG
1263	2ln(10)	6	5	5	64.0	x = NEG, NINE, SUBTRACT, SQR, LOG	NEG, NINE, SUBTRACT, SQR, LOG
1264	100^(1/3)	7	7	7	64.0	THREE, x, POWER = NEG, NINE, SUBTRACT, SQR	THREE, INV, NEG, NINE, SUBTRACT, SQR, POWER
1267	3pi/2	5	4	4	64.0	x = NEG, ARCSIN, PI, SUBTRACT	NEG, ARCSIN, PI, SUBTRACT
1269	sqrt(23)	6	5	5	64.0	x = FOUR, SQR, SEVEN, PLUS, SQRT	FOUR, SQR, SEVEN, PLUS, SQRT
1270	John constant lower bound	4	3	3	64.0	x = PI, EXP, SQRT	PI, EXP, SQRT
1280	Pi*csc(Pi/5)	7	6	6	64.0	x = FIVE, PI, DIVIDE, SIN, PI, DIVIDE	FIVE, PI, DIVIDE, SIN, PI, DIVIDE
1281	sqrt(29)	6	5	5	64.0	x = FIVE, GAMMA, FIVE, PLUS, SQRT	FIVE, GAMMA, FIVE, PLUS, SQRT
1282	analog of Lévy's constant in case of the nearest integer continued fraction of -1/2<x<1/2	8	7	7	64.0	x, LOG = TWO, ARCSINH, NEG, ARCSIN, SQR, DIVIDE	TWO, ARCSINH, NEG, ARCSIN, SQR, DIVIDE, EXP
1283	sqrt(31)	6	5	5	64.0	x = FIVE, GAMMA, SEVEN, PLUS, SQRT	FIVE, GAMMA, SEVEN, PLUS, SQRT
1284	pi^(3/2)	5	4	4	64.0	x = THREE, PI, POWER, SQRT	THREE, PI, POWER, SQRT
1285	1000^(1/4)	7	6	6	64.0	x = THREE, THREE, ARCSINH, COSH, POWER, SQRT	THREE, THREE, ARCSINH, COSH, POWER, SQRT
1290	sqrt(37)	4	3	3	64.0	x, ARCCOSH = SIX, ARCSINH	SIX, ARCSINH, COSH
1291	Tau	4	3	3	64.0	x = PI, PI, PLUS	PI, PI, PLUS
1292	2 Pi/sin(arctan(2 Pi))	6	5	5	64.0	x = PI, PI, PLUS, ARCSINH, COSH	PI, PI, PLUS, ARCSINH, COSH
1293	sqrt(41)	6	5	5	64.0	x = SIX, SQR, FIVE, PLUS, SQRT	SIX, SQR, FIVE, PLUS, SQRT
1294	sqrt(43)	6	5	5	64.0	x = SIX, SQR, SEVEN, PLUS, SQRT	SIX, SQR, SEVEN, PLUS, SQRT
1295	Froda constant	4	3	3	64.0	x = EULER, TWO, POWER	EULER, TWO, POWER
1297	sqrt(47)	6	5	5	64.0	x = TWO, SEVEN, SQR, SUBTRACT, SQRT	TWO, SEVEN, SQR, SUBTRACT, SQRT
1298	3ln(10)	7	6	6	64.0	x = THREE, FIVE, POWER, EIGHT, TIMES, LOG	THREE, FIVE, POWER, EIGHT, TIMES, LOG
1301	sqrt(53)	6	5	5	64.0	x = SEVEN, SQR, FOUR, PLUS, SQRT	SEVEN, SQR, FOUR, PLUS, SQRT
1304	e^2	3	2	2	64.0	x = TWO, EXP	TWO, EXP
1305	sqrt(59)	6	5	5	64.0	x = FIVE, EIGHT, SQR, SUBTRACT, SQRT	FIVE, EIGHT, SQR, SUBTRACT, SQRT
1307	sqrt(61)	6	5	5	64.0	x = THREE, EIGHT, SQR, SUBTRACT, SQRT	THREE, EIGHT, SQR, SUBTRACT, SQRT
1309	sqrt(67)	6	5	5	64.0	x = EIGHT, SQR, THREE, PLUS, SQRT	EIGHT, SQR, THREE, PLUS, SQRT
1310	sqrt(71)	6	5	5	64.0	x = EIGHT, SQR, SEVEN, PLUS, SQRT	EIGHT, SQR, SEVEN, PLUS, SQRT
1311	sqrt(73)	6	5	5	64.0	x = EIGHT, SQR, NINE, PLUS, SQRT	EIGHT, SQR, NINE, PLUS, SQRT
1313	sqrt(79)	6	5	5	64.0	x = TWO, NINE, SQR, SUBTRACT, SQRT	TWO, NINE, SQR, SUBTRACT, SQRT
1314	sqrt(83)	6	5	5	64.0	x = NINE, SQR, TWO, PLUS, SQRT	NINE, SQR, TWO, PLUS, SQRT
1315	4ln(10)	7	6	6	64.0	x = NEG, NINE, SUBTRACT, SQR, SQR, LOG	NEG, NINE, SUBTRACT, SQR, SQR, LOG
1317	3pi	4	3	3	64.0	x = PI, THREE, TIMES	PI, THREE, TIMES
1318	sqrt(89)	6	5	5	64.0	x = NINE, SQR, EIGHT, PLUS, SQRT	NINE, SQR, EIGHT, PLUS, SQRT
1321	sqrt(97)	7	6	6	64.0	x = FOUR, SQR, NINE, SQR, PLUS, SQRT	FOUR, SQR, NINE, SQR, PLUS, SQRT
1322	π^2	3	2	2	64.0	x = PI, SQR	PI, SQR
1325	e^(Pi^2/(6*log(2)))	8	7	7	63.4	x, LOG = EIGHT, SQR, LOG, PI, SQR, DIVIDE	EIGHT, SQR, LOG, PI, SQR, DIVIDE, EXP
1326	z_c = phi^5 (where phi is the golden ratio), a lattice statistics constant which is the exact value of the critical acti	4	3	3	63.5	x = FIVE, GOLDENRATIO, POWER	FIVE, GOLDENRATIO, POWER
1327	5ln(10)	7	6	6	63.4	x = FIVE, NEG, NINE, SUBTRACT, POWER, LOG	FIVE, NEG, NINE, SUBTRACT, POWER, LOG
1328	4pi	4	3	3	64.0	x = PI, FOUR, TIMES	PI, FOUR, TIMES
1329	6ln(10)	7	6	6	63.5	x = SIX, NEG, NINE, SUBTRACT, POWER, LOG	SIX, NEG, NINE, SUBTRACT, POWER, LOG
1332	exponential reiterated constant	3	2	2	63.6	x = EULER, EXP	EULER, EXP
1333	5pi	4	3	3	64.0	x = PI, FIVE, TIMES	PI, FIVE, TIMES
1334	7ln(10)	7	6	6	63.7	x = SEVEN, NEG, NINE, SUBTRACT, POWER, LOG	SEVEN, NEG, NINE, SUBTRACT, POWER, LOG
1336	8ln(10)	7	6	6	63.9	x = EIGHT, NEG, NINE, SUBTRACT, POWER, LOG	EIGHT, NEG, NINE, SUBTRACT, POWER, LOG
1337	6pi	4	3	3	63.7	x = PI, SIX, TIMES	PI, SIX, TIMES
1339	e^pi - pi	5	4	4	63.9	x = PI, PI, EXP, SUBTRACT	PI, PI, EXP, SUBTRACT
1340	e^3	3	2	2	64.0	x = THREE, EXP	THREE, EXP
1341	9ln(10)	7	6	6	64.0	x = NINE, NEG, NINE, SUBTRACT, POWER, LOG	NINE, NEG, NINE, SUBTRACT, POWER, LOG
1343	7pi	4	3	3	63.8	x = PI, SEVEN, TIMES	PI, SEVEN, TIMES
1344	pi pow e	4	3	3	63.7	x = EULER, PI, POWER	EULER, PI, POWER
1345	Gelfond's constant	3	2	2	64.0	x = PI, EXP	PI, EXP
1347	8pi	4	3	3	64.0	x = PI, EIGHT, TIMES	PI, EIGHT, TIMES
1348	9pi	4	3	3	64.0	x = PI, NINE, TIMES	PI, NINE, TIMES
1349	pi cubed	4	3	3	63.9	x = THREE, PI, POWER	THREE, PI, POWER
1350	π^π	4	3	3	64.0	x = PI, PI, POWER	PI, PI, POWER
1351	e^4	3	2	2	64.0	x = FOUR, EXP	FOUR, EXP
1352	radian	7	6	6	64.0	x = ONE, ARCTAN, FIVE, DIVIDE, NINE, TIMES	ONE, ARCTAN, FIVE, DIVIDE, NINE, TIMES
1353	pi^4	4	3	3	64.0	x = PI, SQR, SQR	PI, SQR, SQR
1355	Golden angle degrees	8	7	7	63.7	x, THREE, DIVIDE = SIX, GAMMA, GOLDENRATIO, SQR, DIVIDE	SIX, GAMMA, GOLDENRATIO, SQR, DIVIDE, THREE, DIVIDE
1356	e^5	3	2	2	64.0	x = FIVE, EXP	FIVE, EXP
1357	pi^5	4	3	3	64.0	x = FIVE, PI, POWER	FIVE, PI, POWER
1358	e^6	3	2	2	64.0	x = SIX, EXP	SIX, EXP
1359	e^(2pi)	4	3	3	64.0	x = PI, EXP, SQR	PI, EXP, SQR
1361	pi^6	4	3	3	64.0	x = SIX, PI, POWER	SIX, PI, POWER
1362	e^7	3	2	2	63.7	x = SEVEN, EXP	SEVEN, EXP
1363	e^8	3	2	2	63.9	x = EIGHT, EXP	EIGHT, EXP
1364	pi^7	4	3	3	63.9	x = SEVEN, PI, POWER	SEVEN, PI, POWER
1365	10800/π	9	8	8	64.0	x, THREE, DIVIDE = SEVEN, GAMMA, FIVE, TIMES, PI, DIVIDE	SEVEN, GAMMA, FIVE, TIMES, PI, DIVIDE, THREE, DIVIDE
1366	e^9	3	2	2	64.0	x = NINE, EXP	NINE, EXP
1368	pi^8	4	3	3	64.0	x = EIGHT, PI, POWER	EIGHT, PI, POWER
1369	e^(3pi)	5	4	4	63.6	x, LOG = PI, THREE, TIMES	PI, THREE, TIMES, EXP
1370	e^10	4	3	3	63.7	x, SQRT = FIVE, EXP	FIVE, EXP, SQR
1371	pi^9	4	3	3	64.0	x = NINE, PI, POWER	NINE, PI, POWER
1372	pi^10	5	4	4	64.0	x = FIVE, PI, POWER, SQR	FIVE, PI, POWER, SQR
1373	648000/π	10	9		64.0	x, SEVEN, GAMMA, DIVIDE = FIVE, SIX, TIMES, SQR, PI, DIVIDE	FIVE, SIX, TIMES, SQR, PI, DIVIDE, SEVEN, GAMMA, DIVIDE
1374	e^(4pi)	5	4	4	64.0	x, LOG = PI, FOUR, TIMES	PI, FOUR, TIMES, EXP
1375	e^(5pi)	5	4	4	64.0	x, LOG = PI, FIVE, TIMES	PI, FIVE, TIMES, EXP
1376	e^(6pi)	5	4	4	63.9	x, LOG = PI, SIX, TIMES	PI, SIX, TIMES, EXP
1377	e^(7pi)	5	4	4	64.0	x, LOG = PI, SEVEN, TIMES	PI, SEVEN, TIMES, EXP
1378	e^(8pi)	5	4	4	64.0	x, LOG = PI, EIGHT, TIMES	PI, EIGHT, TIMES, EXP
1379	e^(9pi)	5	4	4	64.0	x, LOG = PI, NINE, TIMES	PI, NINE, TIMES, EXP
1380	e^(10pi)	6	5	5	64.0	x, SQRT, LOG = PI, FIVE, TIMES	PI, FIVE, TIMES, EXP, SQR
1381	Ramanujan's constant	11	10		64.0	x, LOG, PI, DIVIDE, SQR = NINE, INV, ARCSINH, COSH, LOG, TANH	NINE, INV, ARCSINH, COSH, LOG, TANH, SQRT, PI, DIVIDE, EXP
