18	-2/C_ln 10≈-0.868588963806503655302257838
22	2 δ_0 - 1≈-0.656999013716927868279120057
25	-1/C_ln 10≈-0.434294481903251827651128919
34	-1/(2 C_ln 10)≈-0.217147240951625913825564459
38	-1/(3 C_ln 10)≈-0.1447648273010839425503763063
75	C_HBM≈0.00131764115485317810981
89	W_Wy≈0.00729734813003183212895
98	V^__tc≈0.01384277574023640804683
101	(V^_)≈0.01739823924512669384267
115	T_20VE - 41/16≈0.0355762113533159402911
135	ℬ≈0.0653514259230373213787
142	K_LR - (1001 e)/3936≈0.07291264995926530
144	P_A/2≈0.079577471545947667884
154	1/(K_KL)^2≈0.0931878229535758733623
164	(2 P_A)/3≈0.10610329539459689051
165	1/V≈0.107653919226484576615
166	T_1≈0.1084101512231113615112
169	35/4 - 3/(P_c(triangular site))≈0.11184427528454969567
170	1/K_circum≈0.114942044853296200701
178	C_Ch≈0.1234567891011121314151
191	P_Γ≈0.147583617650433274175
201	δ_0≈0.1715004931415360658604
203	1/(j_(0, 1))^2≈0.172915069030644926918
204	-1/16 b_4(2)≈0.1732867951399863273543
213	C_MRB≈0.187859642462067120248
217	T_T/9≈0.192450089729875254836
227	W≈0.2024561414923965799238
236	1/(2 C_ln 10)≈0.217147240951625913825
237	1/4 - ℬ/2≈0.2173242870384813393106
243	C_CE≈0.235711131719232931374
258	B_1≈0.261497212847642783755
260	(1076 - 63 W(1))/(5 (1561 W(1) - 100))≈0.264932084602776834302
281	C_d≈0.29156090403081878013
291	λ≈0.303663002898732658597
297	α_0≈0.30844377956198600303
300	σ_ZS≈0.311078866704819209027
309	2 C_FT - 1≈0.322634098939244670579
311	1/(4 K_LR)≈0.32712936694102638240
317	log(κ_h)≈0.33324272197618188785
321	p(3)≈0.340537329550999142826
324	2 - 4 P_TM≈0.350183865439569608866
327	C_HSM≈0.3532363718549959845
330	Im(P_PT)≈0.36059247187138548595
335	(3 (371 s^__ld + 100))/(50 (81 s^__ld - 2))≈0.36662527694538178105
344	C_A≈0.373955813619202288054
345	(640 W_Wad)/507≈0.37869822485207100591
347	P_up/6≈0.382597858232106345672
359	1/α_F≈0.39953528052313448985
370	P_TM≈0.41245403364010759778
373	s^__lit≈0.41429330259503377743
374	P≈0.4146825098511116602481
379	C_B4CC/(2 sqrt(3))≈0.421753934648426824238
381	V_R≈0.422157733115826627023
391	T_T/4 + 1/5000≈0.433212701892219323381
392	1/C_ln 10≈0.434294481903251827651
397	Re(P_PT)≈0.438282936727032111626
404	(799 P_c(triangular site) + 45)/(2 (1000 P_c(triangular site) + 13))≈0.4475340690206630378
410	e^(-C_Lür)≈0.454512180514646317032
415	(sqrt(2) ζ(2))/5≈0.4652576133092586356105
418	B_Bl≈0.47186165345268178487
419	W_We≈0.474949379987920650332
420	P_B≈0.475626076735988554804
427	T_3≈0.48267728193918159949
431	3/(8 K_LR)≈0.49069405041153957360
438	C_B23≈0.507297234323985407225
440	tan(θ_t/4)≈0.517638090205041524697
442	(3 s^__lse)/5≈0.52140543316472067833
446	C_PTA≈0.531339949958421825591
455	L_L≈0.543258965342976706952
456	ζ(2)/3≈0.54831135561607547882
466	e^(-W(1))≈0.567143290409783872999
476	T_T/3≈0.577350269189625764509
478	1/(7 S - 21)≈0.57841676278890075907
480	P_Pell≈0.580577558204892402290
483	2 C_d≈0.58312180806163756027
484	G_Ga/sqrt(2)≈0.590170299508048113022
485	ξ≈0.59263271820163619710
487	G_Go≈0.59634736232319407434
490	1/(2 G_Ga)≈0.599070117367796103719
495	C_Q≈0.60544365719673274947
502	(3 ζ(2))/8≈0.616850275068084913677
505	((3 P_A)/2)^(1/3)≈0.620350490899400016
508	λ_GD≈0.624329988543550870992
519	C_C≈0.64341054628833802618
524	1/4 (ℰ_EB + 1)≈0.651673788103822940945
525	1 - 2 δ_0≈0.656999013716927868279
527	1 - p(3)≈0.65946267044900085717
528	Π_2≈0.66016181584686957392
529	C_FT≈0.661317049469622335289
530	(5 Δ_f(3))/7≈0.66170718226717623515
531	L_LL≈0.66274341934918158097
537	C_PE≈0.674489750196081743202
538	(A^*)≈0.67498144293010470368
540	C_T≈0.678234491917391978035
545	cos^(-1)(C_CR/2)≈0.68298269916008168797
547	1/C_B≈0.6867778344606349544
551	-1/4 b_4(2)≈0.693147180559945309417
553	C_CF≈0.6977746579640079820
560	1 - 4 A^__td≈0.70447988104318149995
563	e^(b_4(2)/8)≈0.70710678118654752440
564	ℛ≈0.709803442861291314641
573	C_Sa≈0.723648402298200009
577	1/207 (141 C_N - 88)≈0.7363998587191152
580	D_Do≈0.73908513321516064165
581	sqrt(ζ(2)/3)≈0.74048048969306104116
586	m_R≈0.747597920253411435178
588	3/4 = 0.75
592	G(1/2, 1)≈0.757823011268492837742
594	K_LR≈0.764223653589220662
595	K_LR≈0.764223653589220662990
601	-(2 (3 C_Sh + 85))/(606 C_Sh - 1061) = 0.7711255236556589
608	Δ(4)≈0.77766565358626711533
616	sin^(-1)(P_P/2)≈0.785398163397448309615
617	C_Lür≈0.788530565911508961060
626	D_DHA≈0.807945506599034418637
628	A_AG≈0.809394020540639130717
630	-(4 (V_R - 20))/(169 V_R + 25)≈0.812825242105572995
635	ζ(2)/2≈0.822467033424113218236
636	δ - 1≈0.82282524967884703299
638	2 P_TM≈0.82490806728021519556
639	1/8 (2 T_T + π)≈0.825711783590943478189
643	1/(2 L_2)≈0.83462684167407318628
653	sqrt(2) L_2≈0.84721308479397908660
654	C_PF≈0.850736188201867260367
656	1/(2 (K_LR)^2)≈0.856108981721893476906
659	C_Ch2≈0.862240125868054571557
662	2/C_ln 10≈0.868588963806503655302
664	(5 s^__ls)/3≈0.869009055274534463884
671	L/3≈0.874019184764039936
672	sqrt(2) Φ≈0.87403204889764214159
677	Γ(x_min)≈0.885603194410888700278
688	sqrt(ζ(2)/2)≈0.906899682117108925297
690	(823 π)/531 - 99 ℒ_Li≈0.90917279454689234
696	(7 Δ(3))/5≈0.926390055174046729218
697	L/(2 sqrt(2))≈0.927037338650685959216
705	θ_t/2≈0.95531661812450927816
710	ℒ_Lo≈0.970270114392033925740
719	ℛ_RTA≈0.987700390736053460131
725	C_R1≈0.99813604459850933215
727	ℋ_10/310108 + 1≈1.000000000001237500477
736	V_fe/2≈1.01494160640965362502
742	1/ℒ_Lo≈1.0306408341007129358
759	e^(-1/48 b_4(2))≈1.05946309435929526456
760	cosh((b_4(2))/8)≈1.060660171779821286601
772	2/T_tri≈1.087378025384152723141
774	-1/2 b_2(2)≈1.08879304515180106525
783	C_Pa≈1.09864196439415648573
784	-(2 (150 δ_0 + 311))/(560 δ_0 - 709)≈1.0986858055251893474
786	(3 (47 λ + 20))/(571 λ - 80)≈1.1009181908362069695
793	(4 G_Ga)/3≈1.11283578889876424837
798	C_GS≈1.1178641511899449731
818	G_g≈1.158728473018121517828
822	4 C_d≈1.16624361612327512055
825	Ω_L≈1.17628081825991750654
829	C_F1≈1.1874523511265009999
830	e^(-1/16 b_4(2))≈1.18920711500272106671
832	1/G_Ga≈1.19814023473559220743
833	C_CFP≈1.19967864025773383391
838	sqrt(C_B4CC)≈1.20871770327331532724
844	ℱ_FF≈1.22674201072035324441
846	(3 ζ(2))/4≈1.23370055013616982735
849	(597 - 64 G_Gi)/(5 (G_Gi + 84))≈1.251647597790431300
852	e^(-1/12 b_4(2))≈1.25992104989487316476
853	(981 - 38 C_Sh)/(10 (83 C_Sh - 40)) = 1.261070486830679
862	(3420 - 83 K_(-1))/(10 (147 K_(-1) - 2))≈1.2865112676310112569
865	(1080 B_Bl + 883)/(6 (400 B_Bl - 9))≈1.29128599706266395616
872	λ_C≈1.30357726903429639125
873	θ≈1.306377883863080690468
874	L/2≈1.31102877714605990523
875	K_(-3)≈1.313507078687985766717
877	2 Π_2≈1.32032363169373914785
882	e^(C_d)≈1.338515151976096766938
902	cosh^(-1)((3 P_P)/2)≈1.384329691656786916366
903	-1/2 b_4(2)≈1.386294361119890618834
905	2 (G_Ga)^2≈1.39320392968567685918
906	κ_h≈1.395485972479302735229
913	e^(-1/8 b_4(2))≈1.41421356237309504880
923	K_(-2)≈1.450340328495630406052
924	μ≈1.45136923488338105028
925	C_B≈1.456074948582689671399
930	C_B4CC≈1.460998486206318358158
931	x_min≈1.46163214496836234126
935	C_P≈1.46707807943397547289
948	1/Π_2≈1.51478012813749125779
949	1/(1 - p(3))≈1.51638605915197801815
952	2 Re(ω_1)≈1.5299540370571928749
955	(8 T_T)/9≈1.53960071783900203869
961	C_CR≈1.55138752454832039226
970	ℰ_EB≈1.606695152415291763783
987	σ_S≈1.661687949633594121295
995	C_N≈1.70521114010536776428
1003	P_TM/(3 P_TM - 1)≈1.73765749477655362126
1005	K_(-1)≈1.745405662407346863494
1006	-M≈1.747564594633182190636
1008	P^2≈1.754877666246692760049
1009	C_NR≈1.757932756618004532708
1012	e^W(1)≈1.76322283435189671022
1019	(20 (C_MRB + 8))/(932 C_MRB - 83)≈1.77832286152595339
1021	k_r≈1.78221397819136911177
1024	C_KL≈1.7872316501829659330
1025	e^(2 C_d)≈1.791622812069593424730
1028	e^(-3/14 b_4(2))≈1.81144732852781334318
1031	S + 1≈1.82282524967884703299
1040	G≈1.85193705198246617036
1041	L/sqrt(2)≈1.854074677301371918433
1061	ℒ_RL≈1.962858173209645782868
1063	P_pen≈1.96594823664548533718
1067	ℋ_hex≈1.983582843424326330385
1069	ℋ_hep≈1.99196419660503502109
1076	2 G_Gi≈2.02988321281930725004
1077	C_QA≈2.03816937970215062171
1095	(D_d)^(4/3)≈2.176016135292370426235
1101	e^(C_Lür)≈2.200161058099026553194
1106	(67889 ℒ_Li)/3340≈2.235885595508982035
1108	c≈2.2394331040052607317
1113	C_F2≈2.29316628741186103150
1115	P_up≈2.29558714939263807403
1124	1/766 (921 - 406 b_2(2))≈2.356527353346295646
1127	3 - Φ≈2.38196601125010515179
1133	j_(0, 1)≈2.4048255576957727686
1142	α_F≈2.50290787509589282228
1147	sqrt(2) D_d≈2.5337372794858419095
1153	C_B≈2.59653629045054207363
1155	Φ + 2≈2.6180339887498948482
1156	L≈2.62205755429211981046
1161	G_GS≈2.66514414269022518865
1165	(80 (T_1 + 45))/(3 (T_1 + 445))≈2.702467331401970405
1169	(247 P_Γ - 40)/(59 P_Γ - 10)≈2.74403388875971946
1172	4 (G_Ga)^2≈2.786407859371353718368
1174	(30043 κ_h)/7500 - (36 e)/35≈2.79399765260155051070
1176	F_FR≈2.80777024202851936522
1177	C_M≈2.82641999706759157554
1187	2 sqrt(2 C_GS)≈2.99047039937190479877
1198	(D_d)^2≈3.209912300728157678629
1203	K_KL≈3.27582291872181115978
1208	ℱ≈3.35988566624317755317
1209	m_vdC≈3.36431757815589910606
1217	-(75 (8 C_R1 - 1))/(156 C_R1 - 307)≈3.4627466194550636820
1220	8 (L_LL)^2≈3.51383071912516120620
1227	Φ + 3≈3.6180339887498948482
1229	A^*_h/2≈3.62847320243028839006
1261	F_F≈4.52782956616087914088
1268	δ_F≈4.6692016091029906718
1276	5 G_Gi≈5.07470803204826812510
1279	A^*_h - 2≈5.2569464048605767801
1290	(j_(0, 1))^2≈5.78318596294678452117
1302	V^*_h + 2≈7.2569464048605767801
1308	(3729 C_CR - 7000)/(2 (C_CR - 80))≈7.743131985536869928
1314	1/K_in≈8.7000366252081945032
1318	1/Λ≈9.289025491920818918
1325	1/909 (20071 - 99000 ℒ_Li)≈10.1000011001100110011
1327	(K_KL)^2≈10.7310157948230858039
1328	1/Φ^5≈11.0901699437494742410
1332	Im(ρ_1)≈14.1347251417346937904
1357	360 Φ^2≈137.5077640500378546463
1362	J≈867.530901981685409755
1369	G_GCP≈9146.698193171459265
